word,spell_band,spell_band_name,typical_window,read_band,word_type,pattern,spelling_expectation,picture_friendly,moviedu_priority,letter_count,ca_standards,sources,notes
bad,1,Start of year,Aug–Oct,1,decodable,CVC-short-a,conventional-K,yes,later,3,RF.K.2.d; RF.K.3.a; RF.K.3.b; L.K.2.d,Kindergarten CVC / short-vowel sequence,Conventional spelling is the K target: map each sound to a letter (L.K.2.d).
bag,1,Start of year,Aug–Oct,1,decodable,CVC-short-a,conventional-K,yes,start-here,3,RF.K.2.d; RF.K.3.a; RF.K.3.b; L.K.2.d,Kindergarten CVC / short-vowel sequence,Conventional spelling is the K target: map each sound to a letter (L.K.2.d).
bat,1,Start of year,Aug–Oct,1,decodable,CVC-short-a,conventional-K,yes,start-here,3,RF.K.2.d; RF.K.3.a; RF.K.3.b; L.K.2.d,Kindergarten CVC / short-vowel sequence,Conventional spelling is the K target: map each sound to a letter (L.K.2.d).
cab,1,Start of year,Aug–Oct,1,decodable,CVC-short-a,conventional-K,yes,good-fit,3,RF.K.2.d; RF.K.3.a; RF.K.3.b; L.K.2.d,Kindergarten CVC / short-vowel sequence,Conventional spelling is the K target: map each sound to a letter (L.K.2.d).
can,1,Start of year,Aug–Oct,1,both,CVC-short-a,conventional-K,yes,good-fit,3,RF.K.2.d; RF.K.3.a; RF.K.3.b; L.K.2.d; RF.K.3.c,Kindergarten CVC / short-vowel sequence; Dolch Pre-primer (40); widely used in CA K for RF.K.3.c,"Conventional spelling is the K target: map each sound to a letter (L.K.2.d). California requires these to be *read* by sight, not necessarily spelled conventionally. Invented/phonetic spelling is the official K writing standard (L.K.2.d)."
cap,1,Start of year,Aug–Oct,1,decodable,CVC-short-a,conventional-K,yes,start-here,3,RF.K.2.d; RF.K.3.a; RF.K.3.b; L.K.2.d,Kindergarten CVC / short-vowel sequence,Conventional spelling is the K target: map each sound to a letter (L.K.2.d).
cat,1,Start of year,Aug–Oct,1,decodable,CVC-short-a,conventional-K,yes,start-here,3,RF.K.2.d; RF.K.3.a; RF.K.3.b; L.K.2.d,Kindergarten CVC / short-vowel sequence,Conventional spelling is the K target: map each sound to a letter (L.K.2.d).
dab,1,Start of year,Aug–Oct,1,decodable,CVC-short-a,conventional-K,yes,later,3,RF.K.2.d; RF.K.3.a; RF.K.3.b; L.K.2.d,Kindergarten CVC / short-vowel sequence,Conventional spelling is the K target: map each sound to a letter (L.K.2.d).
dad,1,Start of year,Aug–Oct,1,decodable,CVC-short-a,conventional-K,yes,start-here,3,RF.K.2.d; RF.K.3.a; RF.K.3.b; L.K.2.d,Kindergarten CVC / short-vowel sequence,Conventional spelling is the K target: map each sound to a letter (L.K.2.d).
fan,1,Start of year,Aug–Oct,1,decodable,CVC-short-a,conventional-K,yes,start-here,3,RF.K.2.d; RF.K.3.a; RF.K.3.b; L.K.2.d,Kindergarten CVC / short-vowel sequence,Conventional spelling is the K target: map each sound to a letter (L.K.2.d).
fat,1,Start of year,Aug–Oct,1,decodable,CVC-short-a,conventional-K,yes,good-fit,3,RF.K.2.d; RF.K.3.a; RF.K.3.b; L.K.2.d,Kindergarten CVC / short-vowel sequence,Conventional spelling is the K target: map each sound to a letter (L.K.2.d).
gas,1,Start of year,Aug–Oct,1,decodable,CVC-short-a,conventional-K,yes,later,3,RF.K.2.d; RF.K.3.a; RF.K.3.b; L.K.2.d,Kindergarten CVC / short-vowel sequence,Conventional spelling is the K target: map each sound to a letter (L.K.2.d).
had,1,Start of year,Aug–Oct,1,decodable,CVC-short-a,conventional-K,no,later,3,RF.K.2.d; RF.K.3.a; RF.K.3.b; L.K.2.d,Kindergarten CVC / short-vowel sequence,Conventional spelling is the K target: map each sound to a letter (L.K.2.d).
ham,1,Start of year,Aug–Oct,1,decodable,CVC-short-a,conventional-K,yes,start-here,3,RF.K.2.d; RF.K.3.a; RF.K.3.b; L.K.2.d,Kindergarten CVC / short-vowel sequence,Conventional spelling is the K target: map each sound to a letter (L.K.2.d).
hat,1,Start of year,Aug–Oct,1,decodable,CVC-short-a,conventional-K,yes,start-here,3,RF.K.2.d; RF.K.3.a; RF.K.3.b; L.K.2.d,Kindergarten CVC / short-vowel sequence,Conventional spelling is the K target: map each sound to a letter (L.K.2.d).
jab,1,Start of year,Aug–Oct,1,decodable,CVC-short-a,conventional-K,yes,later,3,RF.K.2.d; RF.K.3.a; RF.K.3.b; L.K.2.d,Kindergarten CVC / short-vowel sequence,Conventional spelling is the K target: map each sound to a letter (L.K.2.d).
jam,1,Start of year,Aug–Oct,1,decodable,CVC-short-a,conventional-K,yes,start-here,3,RF.K.2.d; RF.K.3.a; RF.K.3.b; L.K.2.d,Kindergarten CVC / short-vowel sequence,Conventional spelling is the K target: map each sound to a letter (L.K.2.d).
lab,1,Start of year,Aug–Oct,1,decodable,CVC-short-a,conventional-K,yes,later,3,RF.K.2.d; RF.K.3.a; RF.K.3.b; L.K.2.d,Kindergarten CVC / short-vowel sequence,Conventional spelling is the K target: map each sound to a letter (L.K.2.d).
lap,1,Start of year,Aug–Oct,1,decodable,CVC-short-a,conventional-K,yes,good-fit,3,RF.K.2.d; RF.K.3.a; RF.K.3.b; L.K.2.d,Kindergarten CVC / short-vowel sequence,Conventional spelling is the K target: map each sound to a letter (L.K.2.d).
mad,1,Start of year,Aug–Oct,1,decodable,CVC-short-a,conventional-K,yes,good-fit,3,RF.K.2.d; RF.K.3.a; RF.K.3.b; L.K.2.d,Kindergarten CVC / short-vowel sequence,Conventional spelling is the K target: map each sound to a letter (L.K.2.d).
man,1,Start of year,Aug–Oct,1,decodable,CVC-short-a,conventional-K,yes,start-here,3,RF.K.2.d; RF.K.3.a; RF.K.3.b; L.K.2.d,Kindergarten CVC / short-vowel sequence,Conventional spelling is the K target: map each sound to a letter (L.K.2.d).
map,1,Start of year,Aug–Oct,1,decodable,CVC-short-a,conventional-K,yes,start-here,3,RF.K.2.d; RF.K.3.a; RF.K.3.b; L.K.2.d,Kindergarten CVC / short-vowel sequence,Conventional spelling is the K target: map each sound to a letter (L.K.2.d).
mat,1,Start of year,Aug–Oct,1,decodable,CVC-short-a,conventional-K,yes,start-here,3,RF.K.2.d; RF.K.3.a; RF.K.3.b; L.K.2.d,Kindergarten CVC / short-vowel sequence,Conventional spelling is the K target: map each sound to a letter (L.K.2.d).
nap,1,Start of year,Aug–Oct,1,decodable,CVC-short-a,conventional-K,yes,start-here,3,RF.K.2.d; RF.K.3.a; RF.K.3.b; L.K.2.d,Kindergarten CVC / short-vowel sequence,Conventional spelling is the K target: map each sound to a letter (L.K.2.d).
pad,1,Start of year,Aug–Oct,1,decodable,CVC-short-a,conventional-K,yes,good-fit,3,RF.K.2.d; RF.K.3.a; RF.K.3.b; L.K.2.d,Kindergarten CVC / short-vowel sequence,Conventional spelling is the K target: map each sound to a letter (L.K.2.d).
pan,1,Start of year,Aug–Oct,1,decodable,CVC-short-a,conventional-K,yes,start-here,3,RF.K.2.d; RF.K.3.a; RF.K.3.b; L.K.2.d,Kindergarten CVC / short-vowel sequence,Conventional spelling is the K target: map each sound to a letter (L.K.2.d).
pat,1,Start of year,Aug–Oct,1,decodable,CVC-short-a,conventional-K,yes,good-fit,3,RF.K.2.d; RF.K.3.a; RF.K.3.b; L.K.2.d,Kindergarten CVC / short-vowel sequence,Conventional spelling is the K target: map each sound to a letter (L.K.2.d).
rag,1,Start of year,Aug–Oct,1,decodable,CVC-short-a,conventional-K,yes,good-fit,3,RF.K.2.d; RF.K.3.a; RF.K.3.b; L.K.2.d,Kindergarten CVC / short-vowel sequence,Conventional spelling is the K target: map each sound to a letter (L.K.2.d).
ram,1,Start of year,Aug–Oct,1,decodable,CVC-short-a,conventional-K,yes,good-fit,3,RF.K.2.d; RF.K.3.a; RF.K.3.b; L.K.2.d,Kindergarten CVC / short-vowel sequence,Conventional spelling is the K target: map each sound to a letter (L.K.2.d).
ran,1,Start of year,Aug–Oct,1,both,CVC-short-a,conventional-K,yes,good-fit,3,RF.K.2.d; RF.K.3.a; RF.K.3.b; L.K.2.d; RF.K.3.c,Kindergarten CVC / short-vowel sequence; Dolch Primer (52); typical CA end-of-K reading list together with Pre-primer,Conventional spelling is the K target: map each sound to a letter (L.K.2.d). End-of-kindergarten reading target in many CA districts is Pre-primer + Primer (~92 words). Spelling these irregular words conventionally is not a CA K requirement.
rat,1,Start of year,Aug–Oct,1,decodable,CVC-short-a,conventional-K,yes,start-here,3,RF.K.2.d; RF.K.3.a; RF.K.3.b; L.K.2.d,Kindergarten CVC / short-vowel sequence,Conventional spelling is the K target: map each sound to a letter (L.K.2.d).
sad,1,Start of year,Aug–Oct,1,decodable,CVC-short-a,conventional-K,yes,start-here,3,RF.K.2.d; RF.K.3.a; RF.K.3.b; L.K.2.d,Kindergarten CVC / short-vowel sequence,Conventional spelling is the K target: map each sound to a letter (L.K.2.d).
sag,1,Start of year,Aug–Oct,1,decodable,CVC-short-a,conventional-K,yes,later,3,RF.K.2.d; RF.K.3.a; RF.K.3.b; L.K.2.d,Kindergarten CVC / short-vowel sequence,Conventional spelling is the K target: map each sound to a letter (L.K.2.d).
sap,1,Start of year,Aug–Oct,1,decodable,CVC-short-a,conventional-K,yes,later,3,RF.K.2.d; RF.K.3.a; RF.K.3.b; L.K.2.d,Kindergarten CVC / short-vowel sequence,Conventional spelling is the K target: map each sound to a letter (L.K.2.d).
sat,1,Start of year,Aug–Oct,1,decodable,CVC-short-a,conventional-K,yes,good-fit,3,RF.K.2.d; RF.K.3.a; RF.K.3.b; L.K.2.d,Kindergarten CVC / short-vowel sequence,Conventional spelling is the K target: map each sound to a letter (L.K.2.d).
tab,1,Start of year,Aug–Oct,1,decodable,CVC-short-a,conventional-K,yes,later,3,RF.K.2.d; RF.K.3.a; RF.K.3.b; L.K.2.d,Kindergarten CVC / short-vowel sequence,Conventional spelling is the K target: map each sound to a letter (L.K.2.d).
tag,1,Start of year,Aug–Oct,1,decodable,CVC-short-a,conventional-K,yes,start-here,3,RF.K.2.d; RF.K.3.a; RF.K.3.b; L.K.2.d,Kindergarten CVC / short-vowel sequence,Conventional spelling is the K target: map each sound to a letter (L.K.2.d).
tan,1,Start of year,Aug–Oct,1,decodable,CVC-short-a,conventional-K,yes,good-fit,3,RF.K.2.d; RF.K.3.a; RF.K.3.b; L.K.2.d,Kindergarten CVC / short-vowel sequence,Conventional spelling is the K target: map each sound to a letter (L.K.2.d).
tap,1,Start of year,Aug–Oct,1,decodable,CVC-short-a,conventional-K,yes,good-fit,3,RF.K.2.d; RF.K.3.a; RF.K.3.b; L.K.2.d,Kindergarten CVC / short-vowel sequence,Conventional spelling is the K target: map each sound to a letter (L.K.2.d).
van,1,Start of year,Aug–Oct,1,decodable,CVC-short-a,conventional-K,yes,start-here,3,RF.K.2.d; RF.K.3.a; RF.K.3.b; L.K.2.d,Kindergarten CVC / short-vowel sequence,Conventional spelling is the K target: map each sound to a letter (L.K.2.d).
wag,1,Start of year,Aug–Oct,1,decodable,CVC-short-a,conventional-K,yes,good-fit,3,RF.K.2.d; RF.K.3.a; RF.K.3.b; L.K.2.d,Kindergarten CVC / short-vowel sequence,Conventional spelling is the K target: map each sound to a letter (L.K.2.d).
yam,1,Start of year,Aug–Oct,1,decodable,CVC-short-a,conventional-K,yes,good-fit,3,RF.K.2.d; RF.K.3.a; RF.K.3.b; L.K.2.d,Kindergarten CVC / short-vowel sequence,Conventional spelling is the K target: map each sound to a letter (L.K.2.d).
zap,1,Start of year,Aug–Oct,1,decodable,CVC-short-a,conventional-K,yes,later,3,RF.K.2.d; RF.K.3.a; RF.K.3.b; L.K.2.d,Kindergarten CVC / short-vowel sequence,Conventional spelling is the K target: map each sound to a letter (L.K.2.d).
a,1,Start of year,Aug–Oct,1,high-frequency,HFW-pre-primer,conventional-K,no,later,1,RF.K.3.c,Dolch Pre-primer (40); widely used in CA K for RF.K.3.c,"California requires these to be *read* by sight, not necessarily spelled conventionally. Invented/phonetic spelling is the official K writing standard (L.K.2.d)."
go,1,Start of year,Aug–Oct,1,high-frequency,HFW-pre-primer,conventional-K,yes,good-fit,2,RF.K.3.c,Dolch Pre-primer (40); widely used in CA K for RF.K.3.c,"California requires these to be *read* by sight, not necessarily spelled conventionally. Invented/phonetic spelling is the official K writing standard (L.K.2.d)."
I,1,Start of year,Aug–Oct,1,high-frequency,HFW-pre-primer,conventional-K,yes,good-fit,1,RF.K.3.c,Dolch Pre-primer (40); widely used in CA K for RF.K.3.c,"California requires these to be *read* by sight, not necessarily spelled conventionally. Invented/phonetic spelling is the official K writing standard (L.K.2.d)."
me,1,Start of year,Aug–Oct,1,high-frequency,HFW-pre-primer,conventional-K,yes,good-fit,2,RF.K.3.c,Dolch Pre-primer (40); widely used in CA K for RF.K.3.c,"California requires these to be *read* by sight, not necessarily spelled conventionally. Invented/phonetic spelling is the official K writing standard (L.K.2.d)."
my,1,Start of year,Aug–Oct,1,high-frequency,HFW-pre-primer,conventional-K,yes,good-fit,2,RF.K.3.c,Dolch Pre-primer (40); widely used in CA K for RF.K.3.c,"California requires these to be *read* by sight, not necessarily spelled conventionally. Invented/phonetic spelling is the official K writing standard (L.K.2.d)."
we,1,Start of year,Aug–Oct,1,high-frequency,HFW-pre-primer,conventional-K,yes,good-fit,2,RF.K.3.c,Dolch Pre-primer (40); widely used in CA K for RF.K.3.c,"California requires these to be *read* by sight, not necessarily spelled conventionally. Invented/phonetic spelling is the official K writing standard (L.K.2.d)."
no,1,Start of year,Aug–Oct,3,high-frequency,HFW-primer,conventional-K,yes,later,2,RF.K.3.c,Dolch Primer (52); typical CA end-of-K reading list together with Pre-primer,End-of-kindergarten reading target in many CA districts is Pre-primer + Primer (~92 words). Spelling these irregular words conventionally is not a CA K requirement.
am,1,Start of year,Aug–Oct,1,both,VC,conventional-K,no,later,2,RF.K.2.d; RF.K.3.a; RF.K.3.b; L.K.2.d; RF.K.3.c,CVC/VC phonics sequence; Dolch Primer (52); typical CA end-of-K reading list together with Pre-primer,Short two-letter words. RF.K.2.d focuses on three-phoneme CVC; these are still typical first encodings. End-of-kindergarten reading target in many CA districts is Pre-primer + Primer (~92 words). Spelling these irregular words conventionally is not a CA K requirement.
an,1,Start of year,Aug–Oct,1,both,VC,conventional-K,no,later,2,RF.K.2.d; RF.K.3.a; RF.K.3.b; L.K.2.d,CVC/VC phonics sequence,Short two-letter words. RF.K.2.d focuses on three-phoneme CVC; these are still typical first encodings.
at,1,Start of year,Aug–Oct,1,both,VC,conventional-K,no,later,2,RF.K.2.d; RF.K.3.a; RF.K.3.b; L.K.2.d; RF.K.3.c,CVC/VC phonics sequence; Dolch Primer (52); typical CA end-of-K reading list together with Pre-primer,Short two-letter words. RF.K.2.d focuses on three-phoneme CVC; these are still typical first encodings. End-of-kindergarten reading target in many CA districts is Pre-primer + Primer (~92 words). Spelling these irregular words conventionally is not a CA K requirement.
if,1,Start of year,Aug–Oct,1,both,VC,conventional-K,no,later,2,RF.K.2.d; RF.K.3.a; RF.K.3.b; L.K.2.d,CVC/VC phonics sequence,Short two-letter words. RF.K.2.d focuses on three-phoneme CVC; these are still typical first encodings.
in,1,Start of year,Aug–Oct,1,both,VC,conventional-K,no,later,2,RF.K.2.d; RF.K.3.a; RF.K.3.b; L.K.2.d; RF.K.3.c,CVC/VC phonics sequence; Dolch Pre-primer (40); widely used in CA K for RF.K.3.c,"Short two-letter words. RF.K.2.d focuses on three-phoneme CVC; these are still typical first encodings. California requires these to be *read* by sight, not necessarily spelled conventionally. Invented/phonetic spelling is the official K writing standard (L.K.2.d)."
is,1,Start of year,Aug–Oct,1,both,VC,conventional-K,no,later,2,RF.K.2.d; RF.K.3.a; RF.K.3.b; L.K.2.d; RF.K.3.c,CVC/VC phonics sequence; Dolch Pre-primer (40); widely used in CA K for RF.K.3.c,"Short two-letter words. RF.K.2.d focuses on three-phoneme CVC; these are still typical first encodings. California requires these to be *read* by sight, not necessarily spelled conventionally. Invented/phonetic spelling is the official K writing standard (L.K.2.d)."
it,1,Start of year,Aug–Oct,1,both,VC,conventional-K,no,later,2,RF.K.2.d; RF.K.3.a; RF.K.3.b; L.K.2.d; RF.K.3.c,CVC/VC phonics sequence; Dolch Pre-primer (40); widely used in CA K for RF.K.3.c,"Short two-letter words. RF.K.2.d focuses on three-phoneme CVC; these are still typical first encodings. California requires these to be *read* by sight, not necessarily spelled conventionally. Invented/phonetic spelling is the official K writing standard (L.K.2.d)."
on,1,Start of year,Aug–Oct,1,both,VC,conventional-K,no,later,2,RF.K.2.d; RF.K.3.a; RF.K.3.b; L.K.2.d; RF.K.3.c,CVC/VC phonics sequence; Dolch Primer (52); typical CA end-of-K reading list together with Pre-primer,Short two-letter words. RF.K.2.d focuses on three-phoneme CVC; these are still typical first encodings. End-of-kindergarten reading target in many CA districts is Pre-primer + Primer (~92 words). Spelling these irregular words conventionally is not a CA K requirement.
ox,1,Start of year,Aug–Oct,1,both,VC,conventional-K,yes,later,2,RF.K.2.d; RF.K.3.a; RF.K.3.b; L.K.2.d,CVC/VC phonics sequence,Short two-letter words. RF.K.2.d focuses on three-phoneme CVC; these are still typical first encodings.
up,1,Start of year,Aug–Oct,1,both,VC,conventional-K,yes,good-fit,2,RF.K.2.d; RF.K.3.a; RF.K.3.b; L.K.2.d; RF.K.3.c,CVC/VC phonics sequence; Dolch Pre-primer (40); widely used in CA K for RF.K.3.c,"Short two-letter words. RF.K.2.d focuses on three-phoneme CVC; these are still typical first encodings. California requires these to be *read* by sight, not necessarily spelled conventionally. Invented/phonetic spelling is the official K writing standard (L.K.2.d)."
us,1,Start of year,Aug–Oct,1,both,VC,conventional-K,no,later,2,RF.K.2.d; RF.K.3.a; RF.K.3.b; L.K.2.d,CVC/VC phonics sequence,Short two-letter words. RF.K.2.d focuses on three-phoneme CVC; these are still typical first encodings.
red,2,Late fall,Oct–Dec,2,both,CVC-short-e,conventional-K,yes,start-here,3,RF.K.2.d; RF.K.3.a; RF.K.3.b; L.K.2.d; RF.K.3.c,Kindergarten CVC / short-vowel sequence; Dolch Pre-primer (40); widely used in CA K for RF.K.3.c,"Short e is often the last short vowel in K. egg/bell add a doubled consonant. California requires these to be *read* by sight, not necessarily spelled conventionally. Invented/phonetic spelling is the official K writing standard (L.K.2.d)."
bib,2,Late fall,Oct–Dec,2,decodable,CVC-short-i,conventional-K,yes,start-here,3,RF.K.2.d; RF.K.3.a; RF.K.3.b; L.K.2.d,Kindergarten CVC / short-vowel sequence,Conventional spelling is the K target: map each sound to a letter (L.K.2.d).
big,2,Late fall,Oct–Dec,2,both,CVC-short-i,conventional-K,yes,start-here,3,RF.K.2.d; RF.K.3.a; RF.K.3.b; L.K.2.d; RF.K.3.c,Kindergarten CVC / short-vowel sequence; Dolch Pre-primer (40); widely used in CA K for RF.K.3.c,"Conventional spelling is the K target: map each sound to a letter (L.K.2.d). California requires these to be *read* by sight, not necessarily spelled conventionally. Invented/phonetic spelling is the official K writing standard (L.K.2.d)."
bin,2,Late fall,Oct–Dec,2,decodable,CVC-short-i,conventional-K,yes,good-fit,3,RF.K.2.d; RF.K.3.a; RF.K.3.b; L.K.2.d,Kindergarten CVC / short-vowel sequence,Conventional spelling is the K target: map each sound to a letter (L.K.2.d).
bit,2,Late fall,Oct–Dec,2,decodable,CVC-short-i,conventional-K,yes,good-fit,3,RF.K.2.d; RF.K.3.a; RF.K.3.b; L.K.2.d,Kindergarten CVC / short-vowel sequence,Conventional spelling is the K target: map each sound to a letter (L.K.2.d).
did,2,Late fall,Oct–Dec,2,both,CVC-short-i,conventional-K,no,later,3,RF.K.2.d; RF.K.3.a; RF.K.3.b; L.K.2.d; RF.K.3.c,Kindergarten CVC / short-vowel sequence; Dolch Primer (52); typical CA end-of-K reading list together with Pre-primer,Conventional spelling is the K target: map each sound to a letter (L.K.2.d). End-of-kindergarten reading target in many CA districts is Pre-primer + Primer (~92 words). Spelling these irregular words conventionally is not a CA K requirement.
dig,2,Late fall,Oct–Dec,2,decodable,CVC-short-i,conventional-K,yes,start-here,3,RF.K.2.d; RF.K.3.a; RF.K.3.b; L.K.2.d,Kindergarten CVC / short-vowel sequence,Conventional spelling is the K target: map each sound to a letter (L.K.2.d).
dim,2,Late fall,Oct–Dec,2,decodable,CVC-short-i,conventional-K,yes,later,3,RF.K.2.d; RF.K.3.a; RF.K.3.b; L.K.2.d,Kindergarten CVC / short-vowel sequence,Conventional spelling is the K target: map each sound to a letter (L.K.2.d).
dip,2,Late fall,Oct–Dec,2,decodable,CVC-short-i,conventional-K,yes,good-fit,3,RF.K.2.d; RF.K.3.a; RF.K.3.b; L.K.2.d,Kindergarten CVC / short-vowel sequence,Conventional spelling is the K target: map each sound to a letter (L.K.2.d).
fig,2,Late fall,Oct–Dec,2,decodable,CVC-short-i,conventional-K,yes,good-fit,3,RF.K.2.d; RF.K.3.a; RF.K.3.b; L.K.2.d,Kindergarten CVC / short-vowel sequence,Conventional spelling is the K target: map each sound to a letter (L.K.2.d).
fin,2,Late fall,Oct–Dec,2,decodable,CVC-short-i,conventional-K,yes,start-here,3,RF.K.2.d; RF.K.3.a; RF.K.3.b; L.K.2.d,Kindergarten CVC / short-vowel sequence,Conventional spelling is the K target: map each sound to a letter (L.K.2.d).
fit,2,Late fall,Oct–Dec,2,decodable,CVC-short-i,conventional-K,yes,good-fit,3,RF.K.2.d; RF.K.3.a; RF.K.3.b; L.K.2.d,Kindergarten CVC / short-vowel sequence,Conventional spelling is the K target: map each sound to a letter (L.K.2.d).
hid,2,Late fall,Oct–Dec,2,decodable,CVC-short-i,conventional-K,yes,good-fit,3,RF.K.2.d; RF.K.3.a; RF.K.3.b; L.K.2.d,Kindergarten CVC / short-vowel sequence,Conventional spelling is the K target: map each sound to a letter (L.K.2.d).
him,2,Late fall,Oct–Dec,2,decodable,CVC-short-i,conventional-K,no,later,3,RF.K.2.d; RF.K.3.a; RF.K.3.b; L.K.2.d,Kindergarten CVC / short-vowel sequence,Conventional spelling is the K target: map each sound to a letter (L.K.2.d).
hip,2,Late fall,Oct–Dec,2,decodable,CVC-short-i,conventional-K,yes,good-fit,3,RF.K.2.d; RF.K.3.a; RF.K.3.b; L.K.2.d,Kindergarten CVC / short-vowel sequence,Conventional spelling is the K target: map each sound to a letter (L.K.2.d).
hit,2,Late fall,Oct–Dec,2,decodable,CVC-short-i,conventional-K,yes,good-fit,3,RF.K.2.d; RF.K.3.a; RF.K.3.b; L.K.2.d,Kindergarten CVC / short-vowel sequence,Conventional spelling is the K target: map each sound to a letter (L.K.2.d).
kid,2,Late fall,Oct–Dec,2,decodable,CVC-short-i,conventional-K,yes,start-here,3,RF.K.2.d; RF.K.3.a; RF.K.3.b; L.K.2.d,Kindergarten CVC / short-vowel sequence,Conventional spelling is the K target: map each sound to a letter (L.K.2.d).
kit,2,Late fall,Oct–Dec,2,decodable,CVC-short-i,conventional-K,yes,good-fit,3,RF.K.2.d; RF.K.3.a; RF.K.3.b; L.K.2.d,Kindergarten CVC / short-vowel sequence,Conventional spelling is the K target: map each sound to a letter (L.K.2.d).
lid,2,Late fall,Oct–Dec,2,decodable,CVC-short-i,conventional-K,yes,start-here,3,RF.K.2.d; RF.K.3.a; RF.K.3.b; L.K.2.d,Kindergarten CVC / short-vowel sequence,Conventional spelling is the K target: map each sound to a letter (L.K.2.d).
lip,2,Late fall,Oct–Dec,2,decodable,CVC-short-i,conventional-K,yes,start-here,3,RF.K.2.d; RF.K.3.a; RF.K.3.b; L.K.2.d,Kindergarten CVC / short-vowel sequence,Conventional spelling is the K target: map each sound to a letter (L.K.2.d).
lit,2,Late fall,Oct–Dec,2,decodable,CVC-short-i,conventional-K,yes,later,3,RF.K.2.d; RF.K.3.a; RF.K.3.b; L.K.2.d,Kindergarten CVC / short-vowel sequence,Conventional spelling is the K target: map each sound to a letter (L.K.2.d).
mix,2,Late fall,Oct–Dec,2,decodable,CVC-short-i,conventional-K,yes,later,3,RF.K.2.d; RF.K.3.a; RF.K.3.b; L.K.2.d,Kindergarten CVC / short-vowel sequence,Conventional spelling is the K target: map each sound to a letter (L.K.2.d).
pig,2,Late fall,Oct–Dec,2,decodable,CVC-short-i,conventional-K,yes,start-here,3,RF.K.2.d; RF.K.3.a; RF.K.3.b; L.K.2.d,Kindergarten CVC / short-vowel sequence,Conventional spelling is the K target: map each sound to a letter (L.K.2.d).
pin,2,Late fall,Oct–Dec,2,decodable,CVC-short-i,conventional-K,yes,start-here,3,RF.K.2.d; RF.K.3.a; RF.K.3.b; L.K.2.d,Kindergarten CVC / short-vowel sequence,Conventional spelling is the K target: map each sound to a letter (L.K.2.d).
pit,2,Late fall,Oct–Dec,2,decodable,CVC-short-i,conventional-K,yes,good-fit,3,RF.K.2.d; RF.K.3.a; RF.K.3.b; L.K.2.d,Kindergarten CVC / short-vowel sequence,Conventional spelling is the K target: map each sound to a letter (L.K.2.d).
rib,2,Late fall,Oct–Dec,2,decodable,CVC-short-i,conventional-K,yes,good-fit,3,RF.K.2.d; RF.K.3.a; RF.K.3.b; L.K.2.d,Kindergarten CVC / short-vowel sequence,Conventional spelling is the K target: map each sound to a letter (L.K.2.d).
rid,2,Late fall,Oct–Dec,2,decodable,CVC-short-i,conventional-K,no,later,3,RF.K.2.d; RF.K.3.a; RF.K.3.b; L.K.2.d,Kindergarten CVC / short-vowel sequence,Conventional spelling is the K target: map each sound to a letter (L.K.2.d).
rim,2,Late fall,Oct–Dec,2,decodable,CVC-short-i,conventional-K,yes,later,3,RF.K.2.d; RF.K.3.a; RF.K.3.b; L.K.2.d,Kindergarten CVC / short-vowel sequence,Conventional spelling is the K target: map each sound to a letter (L.K.2.d).
rip,2,Late fall,Oct–Dec,2,decodable,CVC-short-i,conventional-K,yes,good-fit,3,RF.K.2.d; RF.K.3.a; RF.K.3.b; L.K.2.d,Kindergarten CVC / short-vowel sequence,Conventional spelling is the K target: map each sound to a letter (L.K.2.d).
sip,2,Late fall,Oct–Dec,2,decodable,CVC-short-i,conventional-K,yes,start-here,3,RF.K.2.d; RF.K.3.a; RF.K.3.b; L.K.2.d,Kindergarten CVC / short-vowel sequence,Conventional spelling is the K target: map each sound to a letter (L.K.2.d).
sit,2,Late fall,Oct–Dec,2,decodable,CVC-short-i,conventional-K,yes,start-here,3,RF.K.2.d; RF.K.3.a; RF.K.3.b; L.K.2.d,Kindergarten CVC / short-vowel sequence,Conventional spelling is the K target: map each sound to a letter (L.K.2.d).
six,2,Late fall,Oct–Dec,2,decodable,CVC-short-i,conventional-K,yes,later,3,RF.K.2.d; RF.K.3.a; RF.K.3.b; L.K.2.d,Kindergarten CVC / short-vowel sequence,Conventional spelling is the K target: map each sound to a letter (L.K.2.d).
tin,2,Late fall,Oct–Dec,2,decodable,CVC-short-i,conventional-K,yes,good-fit,3,RF.K.2.d; RF.K.3.a; RF.K.3.b; L.K.2.d,Kindergarten CVC / short-vowel sequence,Conventional spelling is the K target: map each sound to a letter (L.K.2.d).
tip,2,Late fall,Oct–Dec,2,decodable,CVC-short-i,conventional-K,yes,good-fit,3,RF.K.2.d; RF.K.3.a; RF.K.3.b; L.K.2.d,Kindergarten CVC / short-vowel sequence,Conventional spelling is the K target: map each sound to a letter (L.K.2.d).
wig,2,Late fall,Oct–Dec,2,decodable,CVC-short-i,conventional-K,yes,start-here,3,RF.K.2.d; RF.K.3.a; RF.K.3.b; L.K.2.d,Kindergarten CVC / short-vowel sequence,Conventional spelling is the K target: map each sound to a letter (L.K.2.d).
win,2,Late fall,Oct–Dec,2,decodable,CVC-short-i,conventional-K,yes,good-fit,3,RF.K.2.d; RF.K.3.a; RF.K.3.b; L.K.2.d,Kindergarten CVC / short-vowel sequence,Conventional spelling is the K target: map each sound to a letter (L.K.2.d).
zip,2,Late fall,Oct–Dec,2,decodable,CVC-short-i,conventional-K,yes,start-here,3,RF.K.2.d; RF.K.3.a; RF.K.3.b; L.K.2.d,Kindergarten CVC / short-vowel sequence,Conventional spelling is the K target: map each sound to a letter (L.K.2.d).
not,2,Late fall,Oct–Dec,2,both,CVC-short-o,conventional-K,no,later,3,RF.K.2.d; RF.K.3.a; RF.K.3.b; L.K.2.d; RF.K.3.c,Kindergarten CVC / short-vowel sequence; Dolch Pre-primer (40); widely used in CA K for RF.K.3.c,"Conventional spelling is the K target: map each sound to a letter (L.K.2.d). California requires these to be *read* by sight, not necessarily spelled conventionally. Invented/phonetic spelling is the official K writing standard (L.K.2.d)."
run,2,Late fall,Oct–Dec,2,both,CVC-short-u,conventional-K,yes,start-here,3,RF.K.2.d; RF.K.3.a; RF.K.3.b; L.K.2.d; RF.K.3.c,Kindergarten CVC / short-vowel sequence; Dolch Pre-primer (40); widely used in CA K for RF.K.3.c,"Conventional spelling is the K target: map each sound to a letter (L.K.2.d). California requires these to be *read* by sight, not necessarily spelled conventionally. Invented/phonetic spelling is the official K writing standard (L.K.2.d)."
see,2,Late fall,Oct–Dec,1,high-frequency,HFW-pre-primer,conventional-K,yes,good-fit,3,RF.K.3.c,Dolch Pre-primer (40); widely used in CA K for RF.K.3.c,"California requires these to be *read* by sight, not necessarily spelled conventionally. Invented/phonetic spelling is the official K writing standard (L.K.2.d)."
and,2,Late fall,Oct–Dec,2,both,ending-blend,stretch,no,later,3,L.1.2.d / grade 1 phonics (stretch for K); RF.K.3.c,Common K–1 phonics (digraphs and blends); Dolch Pre-primer (40); widely used in CA K for RF.K.3.c,"Many CA K programs introduce sh/th/ch and a few blends in spring; full mastery is grade 1. California requires these to be *read* by sight, not necessarily spelled conventionally. Invented/phonetic spelling is the official K writing standard (L.K.2.d)."
black,3,Winter,Jan–Mar,3,both,-ck,conventional-K,yes,good-fit,5,L.K.2.d; RF.K.3.a; RF.K.3.c,Common K phonics after CVC; Dolch Primer (52); typical CA end-of-K reading list together with Pre-primer,ck is a frequent K spelling of /k/ after a short vowel. End-of-kindergarten reading target in many CA districts is Pre-primer + Primer (~92 words). Spelling these irregular words conventionally is not a CA K requirement.
get,3,Winter,Jan–Mar,3,both,CVC-short-e,conventional-K,no,later,3,RF.K.2.d; RF.K.3.a; RF.K.3.b; L.K.2.d; RF.K.3.c,Kindergarten CVC / short-vowel sequence; Dolch Primer (52); typical CA end-of-K reading list together with Pre-primer,Short e is often the last short vowel in K. egg/bell add a doubled consonant. End-of-kindergarten reading target in many CA districts is Pre-primer + Primer (~92 words). Spelling these irregular words conventionally is not a CA K requirement.
yes,3,Winter,Jan–Mar,3,both,CVC-short-e,conventional-K,yes,later,3,RF.K.2.d; RF.K.3.a; RF.K.3.b; L.K.2.d; RF.K.3.c,Kindergarten CVC / short-vowel sequence; Dolch Primer (52); typical CA end-of-K reading list together with Pre-primer,Short e is often the last short vowel in K. egg/bell add a doubled consonant. End-of-kindergarten reading target in many CA districts is Pre-primer + Primer (~92 words). Spelling these irregular words conventionally is not a CA K requirement.
box,3,Winter,Jan–Mar,3,decodable,CVC-short-o,conventional-K,yes,start-here,3,RF.K.2.d; RF.K.3.a; RF.K.3.b; L.K.2.d,Kindergarten CVC / short-vowel sequence,Conventional spelling is the K target: map each sound to a letter (L.K.2.d).
cob,3,Winter,Jan–Mar,3,decodable,CVC-short-o,conventional-K,yes,good-fit,3,RF.K.2.d; RF.K.3.a; RF.K.3.b; L.K.2.d,Kindergarten CVC / short-vowel sequence,Conventional spelling is the K target: map each sound to a letter (L.K.2.d).
cod,3,Winter,Jan–Mar,3,decodable,CVC-short-o,conventional-K,yes,later,3,RF.K.2.d; RF.K.3.a; RF.K.3.b; L.K.2.d,Kindergarten CVC / short-vowel sequence,Conventional spelling is the K target: map each sound to a letter (L.K.2.d).
cop,3,Winter,Jan–Mar,3,decodable,CVC-short-o,conventional-K,yes,later,3,RF.K.2.d; RF.K.3.a; RF.K.3.b; L.K.2.d,Kindergarten CVC / short-vowel sequence,Conventional spelling is the K target: map each sound to a letter (L.K.2.d).
cot,3,Winter,Jan–Mar,3,decodable,CVC-short-o,conventional-K,yes,good-fit,3,RF.K.2.d; RF.K.3.a; RF.K.3.b; L.K.2.d,Kindergarten CVC / short-vowel sequence,Conventional spelling is the K target: map each sound to a letter (L.K.2.d).
dog,3,Winter,Jan–Mar,3,decodable,CVC-short-o,conventional-K,yes,start-here,3,RF.K.2.d; RF.K.3.a; RF.K.3.b; L.K.2.d,Kindergarten CVC / short-vowel sequence,Conventional spelling is the K target: map each sound to a letter (L.K.2.d).
dot,3,Winter,Jan–Mar,3,decodable,CVC-short-o,conventional-K,yes,start-here,3,RF.K.2.d; RF.K.3.a; RF.K.3.b; L.K.2.d,Kindergarten CVC / short-vowel sequence,Conventional spelling is the K target: map each sound to a letter (L.K.2.d).
fog,3,Winter,Jan–Mar,3,decodable,CVC-short-o,conventional-K,yes,start-here,3,RF.K.2.d; RF.K.3.a; RF.K.3.b; L.K.2.d,Kindergarten CVC / short-vowel sequence,Conventional spelling is the K target: map each sound to a letter (L.K.2.d).
fox,3,Winter,Jan–Mar,3,decodable,CVC-short-o,conventional-K,yes,start-here,3,RF.K.2.d; RF.K.3.a; RF.K.3.b; L.K.2.d,Kindergarten CVC / short-vowel sequence,Conventional spelling is the K target: map each sound to a letter (L.K.2.d).
got,3,Winter,Jan–Mar,3,decodable,CVC-short-o,conventional-K,no,later,3,RF.K.2.d; RF.K.3.a; RF.K.3.b; L.K.2.d,Kindergarten CVC / short-vowel sequence,Conventional spelling is the K target: map each sound to a letter (L.K.2.d).
hog,3,Winter,Jan–Mar,3,decodable,CVC-short-o,conventional-K,yes,good-fit,3,RF.K.2.d; RF.K.3.a; RF.K.3.b; L.K.2.d,Kindergarten CVC / short-vowel sequence,Conventional spelling is the K target: map each sound to a letter (L.K.2.d).
hop,3,Winter,Jan–Mar,3,decodable,CVC-short-o,conventional-K,yes,start-here,3,RF.K.2.d; RF.K.3.a; RF.K.3.b; L.K.2.d,Kindergarten CVC / short-vowel sequence,Conventional spelling is the K target: map each sound to a letter (L.K.2.d).
hot,3,Winter,Jan–Mar,3,decodable,CVC-short-o,conventional-K,yes,start-here,3,RF.K.2.d; RF.K.3.a; RF.K.3.b; L.K.2.d,Kindergarten CVC / short-vowel sequence,Conventional spelling is the K target: map each sound to a letter (L.K.2.d).
job,3,Winter,Jan–Mar,3,decodable,CVC-short-o,conventional-K,yes,good-fit,3,RF.K.2.d; RF.K.3.a; RF.K.3.b; L.K.2.d,Kindergarten CVC / short-vowel sequence,Conventional spelling is the K target: map each sound to a letter (L.K.2.d).
jog,3,Winter,Jan–Mar,3,decodable,CVC-short-o,conventional-K,yes,good-fit,3,RF.K.2.d; RF.K.3.a; RF.K.3.b; L.K.2.d,Kindergarten CVC / short-vowel sequence,Conventional spelling is the K target: map each sound to a letter (L.K.2.d).
log,3,Winter,Jan–Mar,3,decodable,CVC-short-o,conventional-K,yes,start-here,3,RF.K.2.d; RF.K.3.a; RF.K.3.b; L.K.2.d,Kindergarten CVC / short-vowel sequence,Conventional spelling is the K target: map each sound to a letter (L.K.2.d).
lot,3,Winter,Jan–Mar,3,decodable,CVC-short-o,conventional-K,no,later,3,RF.K.2.d; RF.K.3.a; RF.K.3.b; L.K.2.d,Kindergarten CVC / short-vowel sequence,Conventional spelling is the K target: map each sound to a letter (L.K.2.d).
mom,3,Winter,Jan–Mar,3,decodable,CVC-short-o,conventional-K,yes,start-here,3,RF.K.2.d; RF.K.3.a; RF.K.3.b; L.K.2.d,Kindergarten CVC / short-vowel sequence,Conventional spelling is the K target: map each sound to a letter (L.K.2.d).
mop,3,Winter,Jan–Mar,3,decodable,CVC-short-o,conventional-K,yes,start-here,3,RF.K.2.d; RF.K.3.a; RF.K.3.b; L.K.2.d,Kindergarten CVC / short-vowel sequence,Conventional spelling is the K target: map each sound to a letter (L.K.2.d).
nod,3,Winter,Jan–Mar,3,decodable,CVC-short-o,conventional-K,yes,good-fit,3,RF.K.2.d; RF.K.3.a; RF.K.3.b; L.K.2.d,Kindergarten CVC / short-vowel sequence,Conventional spelling is the K target: map each sound to a letter (L.K.2.d).
pod,3,Winter,Jan–Mar,3,decodable,CVC-short-o,conventional-K,yes,good-fit,3,RF.K.2.d; RF.K.3.a; RF.K.3.b; L.K.2.d,Kindergarten CVC / short-vowel sequence,Conventional spelling is the K target: map each sound to a letter (L.K.2.d).
pop,3,Winter,Jan–Mar,3,decodable,CVC-short-o,conventional-K,yes,start-here,3,RF.K.2.d; RF.K.3.a; RF.K.3.b; L.K.2.d,Kindergarten CVC / short-vowel sequence,Conventional spelling is the K target: map each sound to a letter (L.K.2.d).
pot,3,Winter,Jan–Mar,3,decodable,CVC-short-o,conventional-K,yes,start-here,3,RF.K.2.d; RF.K.3.a; RF.K.3.b; L.K.2.d,Kindergarten CVC / short-vowel sequence,Conventional spelling is the K target: map each sound to a letter (L.K.2.d).
rob,3,Winter,Jan–Mar,3,decodable,CVC-short-o,conventional-K,yes,later,3,RF.K.2.d; RF.K.3.a; RF.K.3.b; L.K.2.d,Kindergarten CVC / short-vowel sequence,Conventional spelling is the K target: map each sound to a letter (L.K.2.d).
rod,3,Winter,Jan–Mar,3,decodable,CVC-short-o,conventional-K,yes,good-fit,3,RF.K.2.d; RF.K.3.a; RF.K.3.b; L.K.2.d,Kindergarten CVC / short-vowel sequence,Conventional spelling is the K target: map each sound to a letter (L.K.2.d).
sob,3,Winter,Jan–Mar,3,decodable,CVC-short-o,conventional-K,yes,later,3,RF.K.2.d; RF.K.3.a; RF.K.3.b; L.K.2.d,Kindergarten CVC / short-vowel sequence,Conventional spelling is the K target: map each sound to a letter (L.K.2.d).
top,3,Winter,Jan–Mar,3,decodable,CVC-short-o,conventional-K,yes,start-here,3,RF.K.2.d; RF.K.3.a; RF.K.3.b; L.K.2.d,Kindergarten CVC / short-vowel sequence,Conventional spelling is the K target: map each sound to a letter (L.K.2.d).
tot,3,Winter,Jan–Mar,3,decodable,CVC-short-o,conventional-K,yes,good-fit,3,RF.K.2.d; RF.K.3.a; RF.K.3.b; L.K.2.d,Kindergarten CVC / short-vowel sequence,Conventional spelling is the K target: map each sound to a letter (L.K.2.d).
bud,3,Winter,Jan–Mar,3,decodable,CVC-short-u,conventional-K,yes,good-fit,3,RF.K.2.d; RF.K.3.a; RF.K.3.b; L.K.2.d,Kindergarten CVC / short-vowel sequence,Conventional spelling is the K target: map each sound to a letter (L.K.2.d).
bug,3,Winter,Jan–Mar,3,decodable,CVC-short-u,conventional-K,yes,start-here,3,RF.K.2.d; RF.K.3.a; RF.K.3.b; L.K.2.d,Kindergarten CVC / short-vowel sequence,Conventional spelling is the K target: map each sound to a letter (L.K.2.d).
bun,3,Winter,Jan–Mar,3,decodable,CVC-short-u,conventional-K,yes,start-here,3,RF.K.2.d; RF.K.3.a; RF.K.3.b; L.K.2.d,Kindergarten CVC / short-vowel sequence,Conventional spelling is the K target: map each sound to a letter (L.K.2.d).
bus,3,Winter,Jan–Mar,3,decodable,CVC-short-u,conventional-K,yes,start-here,3,RF.K.2.d; RF.K.3.a; RF.K.3.b; L.K.2.d,Kindergarten CVC / short-vowel sequence,Conventional spelling is the K target: map each sound to a letter (L.K.2.d).
but,3,Winter,Jan–Mar,3,both,CVC-short-u,conventional-K,no,later,3,RF.K.2.d; RF.K.3.a; RF.K.3.b; L.K.2.d; RF.K.3.c,Kindergarten CVC / short-vowel sequence; Dolch Primer (52); typical CA end-of-K reading list together with Pre-primer,Conventional spelling is the K target: map each sound to a letter (L.K.2.d). End-of-kindergarten reading target in many CA districts is Pre-primer + Primer (~92 words). Spelling these irregular words conventionally is not a CA K requirement.
cub,3,Winter,Jan–Mar,3,decodable,CVC-short-u,conventional-K,yes,start-here,3,RF.K.2.d; RF.K.3.a; RF.K.3.b; L.K.2.d,Kindergarten CVC / short-vowel sequence,Conventional spelling is the K target: map each sound to a letter (L.K.2.d).
cup,3,Winter,Jan–Mar,3,decodable,CVC-short-u,conventional-K,yes,start-here,3,RF.K.2.d; RF.K.3.a; RF.K.3.b; L.K.2.d,Kindergarten CVC / short-vowel sequence,Conventional spelling is the K target: map each sound to a letter (L.K.2.d).
cut,3,Winter,Jan–Mar,3,decodable,CVC-short-u,conventional-K,yes,good-fit,3,RF.K.2.d; RF.K.3.a; RF.K.3.b; L.K.2.d,Kindergarten CVC / short-vowel sequence,Conventional spelling is the K target: map each sound to a letter (L.K.2.d).
dug,3,Winter,Jan–Mar,3,decodable,CVC-short-u,conventional-K,yes,good-fit,3,RF.K.2.d; RF.K.3.a; RF.K.3.b; L.K.2.d,Kindergarten CVC / short-vowel sequence,Conventional spelling is the K target: map each sound to a letter (L.K.2.d).
fun,3,Winter,Jan–Mar,3,decodable,CVC-short-u,conventional-K,yes,good-fit,3,RF.K.2.d; RF.K.3.a; RF.K.3.b; L.K.2.d,Kindergarten CVC / short-vowel sequence,Conventional spelling is the K target: map each sound to a letter (L.K.2.d).
gum,3,Winter,Jan–Mar,3,decodable,CVC-short-u,conventional-K,yes,start-here,3,RF.K.2.d; RF.K.3.a; RF.K.3.b; L.K.2.d,Kindergarten CVC / short-vowel sequence,Conventional spelling is the K target: map each sound to a letter (L.K.2.d).
hug,3,Winter,Jan–Mar,3,decodable,CVC-short-u,conventional-K,yes,start-here,3,RF.K.2.d; RF.K.3.a; RF.K.3.b; L.K.2.d,Kindergarten CVC / short-vowel sequence,Conventional spelling is the K target: map each sound to a letter (L.K.2.d).
hum,3,Winter,Jan–Mar,3,decodable,CVC-short-u,conventional-K,yes,good-fit,3,RF.K.2.d; RF.K.3.a; RF.K.3.b; L.K.2.d,Kindergarten CVC / short-vowel sequence,Conventional spelling is the K target: map each sound to a letter (L.K.2.d).
hut,3,Winter,Jan–Mar,3,decodable,CVC-short-u,conventional-K,yes,good-fit,3,RF.K.2.d; RF.K.3.a; RF.K.3.b; L.K.2.d,Kindergarten CVC / short-vowel sequence,Conventional spelling is the K target: map each sound to a letter (L.K.2.d).
jug,3,Winter,Jan–Mar,3,decodable,CVC-short-u,conventional-K,yes,start-here,3,RF.K.2.d; RF.K.3.a; RF.K.3.b; L.K.2.d,Kindergarten CVC / short-vowel sequence,Conventional spelling is the K target: map each sound to a letter (L.K.2.d).
mud,3,Winter,Jan–Mar,3,decodable,CVC-short-u,conventional-K,yes,start-here,3,RF.K.2.d; RF.K.3.a; RF.K.3.b; L.K.2.d,Kindergarten CVC / short-vowel sequence,Conventional spelling is the K target: map each sound to a letter (L.K.2.d).
mug,3,Winter,Jan–Mar,3,decodable,CVC-short-u,conventional-K,yes,start-here,3,RF.K.2.d; RF.K.3.a; RF.K.3.b; L.K.2.d,Kindergarten CVC / short-vowel sequence,Conventional spelling is the K target: map each sound to a letter (L.K.2.d).
nut,3,Winter,Jan–Mar,3,decodable,CVC-short-u,conventional-K,yes,start-here,3,RF.K.2.d; RF.K.3.a; RF.K.3.b; L.K.2.d,Kindergarten CVC / short-vowel sequence,Conventional spelling is the K target: map each sound to a letter (L.K.2.d).
pup,3,Winter,Jan–Mar,3,decodable,CVC-short-u,conventional-K,yes,start-here,3,RF.K.2.d; RF.K.3.a; RF.K.3.b; L.K.2.d,Kindergarten CVC / short-vowel sequence,Conventional spelling is the K target: map each sound to a letter (L.K.2.d).
rub,3,Winter,Jan–Mar,3,decodable,CVC-short-u,conventional-K,yes,good-fit,3,RF.K.2.d; RF.K.3.a; RF.K.3.b; L.K.2.d,Kindergarten CVC / short-vowel sequence,Conventional spelling is the K target: map each sound to a letter (L.K.2.d).
rug,3,Winter,Jan–Mar,3,decodable,CVC-short-u,conventional-K,yes,start-here,3,RF.K.2.d; RF.K.3.a; RF.K.3.b; L.K.2.d,Kindergarten CVC / short-vowel sequence,Conventional spelling is the K target: map each sound to a letter (L.K.2.d).
sub,3,Winter,Jan–Mar,3,decodable,CVC-short-u,conventional-K,yes,good-fit,3,RF.K.2.d; RF.K.3.a; RF.K.3.b; L.K.2.d,Kindergarten CVC / short-vowel sequence,Conventional spelling is the K target: map each sound to a letter (L.K.2.d).
sum,3,Winter,Jan–Mar,3,decodable,CVC-short-u,conventional-K,yes,later,3,RF.K.2.d; RF.K.3.a; RF.K.3.b; L.K.2.d,Kindergarten CVC / short-vowel sequence,Conventional spelling is the K target: map each sound to a letter (L.K.2.d).
sun,3,Winter,Jan–Mar,3,decodable,CVC-short-u,conventional-K,yes,start-here,3,RF.K.2.d; RF.K.3.a; RF.K.3.b; L.K.2.d,Kindergarten CVC / short-vowel sequence,Conventional spelling is the K target: map each sound to a letter (L.K.2.d).
tub,3,Winter,Jan–Mar,3,decodable,CVC-short-u,conventional-K,yes,start-here,3,RF.K.2.d; RF.K.3.a; RF.K.3.b; L.K.2.d,Kindergarten CVC / short-vowel sequence,Conventional spelling is the K target: map each sound to a letter (L.K.2.d).
tug,3,Winter,Jan–Mar,3,decodable,CVC-short-u,conventional-K,yes,good-fit,3,RF.K.2.d; RF.K.3.a; RF.K.3.b; L.K.2.d,Kindergarten CVC / short-vowel sequence,Conventional spelling is the K target: map each sound to a letter (L.K.2.d).
yum,3,Winter,Jan–Mar,3,decodable,CVC-short-u,conventional-K,yes,good-fit,3,RF.K.2.d; RF.K.3.a; RF.K.3.b; L.K.2.d,Kindergarten CVC / short-vowel sequence,Conventional spelling is the K target: map each sound to a letter (L.K.2.d).
he,3,Winter,Jan–Mar,3,high-frequency,HFW-primer,conventional-K,yes,later,2,RF.K.3.c,Dolch Primer (52); typical CA end-of-K reading list together with Pre-primer,End-of-kindergarten reading target in many CA districts is Pre-primer + Primer (~92 words). Spelling these irregular words conventionally is not a CA K requirement.
she,3,Winter,Jan–Mar,3,high-frequency,HFW-primer,conventional-K,yes,later,3,RF.K.3.c; RF.K.3.c (CA example words),"Dolch Primer (52); typical CA end-of-K reading list together with Pre-primer; CA CCSS RF.K.3.c example set (the, of, to, you, she, my, is, are, do, does)",End-of-kindergarten reading target in many CA districts is Pre-primer + Primer (~92 words). Spelling these irregular words conventionally is not a CA K requirement. CA RF.K.3.c example; short enough to spell by year-end.
back,4,End of year,Apr–Jun,4,decodable,-ck,conventional-K,yes,good-fit,4,L.K.2.d; RF.K.3.a,Common K phonics after CVC,ck is a frequent K spelling of /k/ after a short vowel.
duck,4,End of year,Apr–Jun,4,decodable,-ck,conventional-K,yes,good-fit,4,L.K.2.d; RF.K.3.a,Common K phonics after CVC,ck is a frequent K spelling of /k/ after a short vowel.
jack,4,End of year,Apr–Jun,4,decodable,-ck,conventional-K,yes,good-fit,4,L.K.2.d; RF.K.3.a,Common K phonics after CVC,ck is a frequent K spelling of /k/ after a short vowel.
kick,4,End of year,Apr–Jun,4,decodable,-ck,conventional-K,yes,good-fit,4,L.K.2.d; RF.K.3.a,Common K phonics after CVC,ck is a frequent K spelling of /k/ after a short vowel.
lick,4,End of year,Apr–Jun,4,decodable,-ck,conventional-K,yes,good-fit,4,L.K.2.d; RF.K.3.a,Common K phonics after CVC,ck is a frequent K spelling of /k/ after a short vowel.
lock,4,End of year,Apr–Jun,4,decodable,-ck,conventional-K,yes,good-fit,4,L.K.2.d; RF.K.3.a,Common K phonics after CVC,ck is a frequent K spelling of /k/ after a short vowel.
luck,4,End of year,Apr–Jun,4,decodable,-ck,conventional-K,no,later,4,L.K.2.d; RF.K.3.a,Common K phonics after CVC,ck is a frequent K spelling of /k/ after a short vowel.
neck,4,End of year,Apr–Jun,4,decodable,-ck,conventional-K,yes,good-fit,4,L.K.2.d; RF.K.3.a,Common K phonics after CVC,ck is a frequent K spelling of /k/ after a short vowel.
pack,4,End of year,Apr–Jun,4,decodable,-ck,conventional-K,yes,good-fit,4,L.K.2.d; RF.K.3.a,Common K phonics after CVC,ck is a frequent K spelling of /k/ after a short vowel.
peck,4,End of year,Apr–Jun,4,decodable,-ck,conventional-K,yes,good-fit,4,L.K.2.d; RF.K.3.a,Common K phonics after CVC,ck is a frequent K spelling of /k/ after a short vowel.
pick,4,End of year,Apr–Jun,4,decodable,-ck,conventional-K,yes,good-fit,4,L.K.2.d; RF.K.3.a,Common K phonics after CVC,ck is a frequent K spelling of /k/ after a short vowel.
puck,4,End of year,Apr–Jun,4,decodable,-ck,conventional-K,yes,good-fit,4,L.K.2.d; RF.K.3.a,Common K phonics after CVC,ck is a frequent K spelling of /k/ after a short vowel.
rock,4,End of year,Apr–Jun,4,decodable,-ck,conventional-K,yes,good-fit,4,L.K.2.d; RF.K.3.a,Common K phonics after CVC,ck is a frequent K spelling of /k/ after a short vowel.
sack,4,End of year,Apr–Jun,4,decodable,-ck,conventional-K,yes,good-fit,4,L.K.2.d; RF.K.3.a,Common K phonics after CVC,ck is a frequent K spelling of /k/ after a short vowel.
sick,4,End of year,Apr–Jun,4,decodable,-ck,conventional-K,yes,good-fit,4,L.K.2.d; RF.K.3.a,Common K phonics after CVC,ck is a frequent K spelling of /k/ after a short vowel.
sock,4,End of year,Apr–Jun,4,decodable,-ck,conventional-K,yes,good-fit,4,L.K.2.d; RF.K.3.a,Common K phonics after CVC,ck is a frequent K spelling of /k/ after a short vowel.
tack,4,End of year,Apr–Jun,4,decodable,-ck,conventional-K,yes,good-fit,4,L.K.2.d; RF.K.3.a,Common K phonics after CVC,ck is a frequent K spelling of /k/ after a short vowel.
tick,4,End of year,Apr–Jun,4,decodable,-ck,conventional-K,yes,good-fit,4,L.K.2.d; RF.K.3.a,Common K phonics after CVC,ck is a frequent K spelling of /k/ after a short vowel.
bed,4,End of year,Apr–Jun,4,decodable,CVC-short-e,conventional-K,yes,start-here,3,RF.K.2.d; RF.K.3.a; RF.K.3.b; L.K.2.d,Kindergarten CVC / short-vowel sequence,Short e is often the last short vowel in K. egg/bell add a doubled consonant.
beg,4,End of year,Apr–Jun,4,decodable,CVC-short-e,conventional-K,yes,later,3,RF.K.2.d; RF.K.3.a; RF.K.3.b; L.K.2.d,Kindergarten CVC / short-vowel sequence,Short e is often the last short vowel in K. egg/bell add a doubled consonant.
den,4,End of year,Apr–Jun,4,decodable,CVC-short-e,conventional-K,yes,good-fit,3,RF.K.2.d; RF.K.3.a; RF.K.3.b; L.K.2.d,Kindergarten CVC / short-vowel sequence,Short e is often the last short vowel in K. egg/bell add a doubled consonant.
fed,4,End of year,Apr–Jun,4,decodable,CVC-short-e,conventional-K,yes,good-fit,3,RF.K.2.d; RF.K.3.a; RF.K.3.b; L.K.2.d,Kindergarten CVC / short-vowel sequence,Short e is often the last short vowel in K. egg/bell add a doubled consonant.
hen,4,End of year,Apr–Jun,4,decodable,CVC-short-e,conventional-K,yes,start-here,3,RF.K.2.d; RF.K.3.a; RF.K.3.b; L.K.2.d,Kindergarten CVC / short-vowel sequence,Short e is often the last short vowel in K. egg/bell add a doubled consonant.
jet,4,End of year,Apr–Jun,4,decodable,CVC-short-e,conventional-K,yes,start-here,3,RF.K.2.d; RF.K.3.a; RF.K.3.b; L.K.2.d,Kindergarten CVC / short-vowel sequence,Short e is often the last short vowel in K. egg/bell add a doubled consonant.
leg,4,End of year,Apr–Jun,4,decodable,CVC-short-e,conventional-K,yes,start-here,3,RF.K.2.d; RF.K.3.a; RF.K.3.b; L.K.2.d,Kindergarten CVC / short-vowel sequence,Short e is often the last short vowel in K. egg/bell add a doubled consonant.
let,4,End of year,Apr–Jun,4,decodable,CVC-short-e,conventional-K,no,later,3,RF.K.2.d; RF.K.3.a; RF.K.3.b; L.K.2.d,Kindergarten CVC / short-vowel sequence,Short e is often the last short vowel in K. egg/bell add a doubled consonant.
men,4,End of year,Apr–Jun,4,decodable,CVC-short-e,conventional-K,yes,good-fit,3,RF.K.2.d; RF.K.3.a; RF.K.3.b; L.K.2.d,Kindergarten CVC / short-vowel sequence,Short e is often the last short vowel in K. egg/bell add a doubled consonant.
met,4,End of year,Apr–Jun,4,decodable,CVC-short-e,conventional-K,no,later,3,RF.K.2.d; RF.K.3.a; RF.K.3.b; L.K.2.d,Kindergarten CVC / short-vowel sequence,Short e is often the last short vowel in K. egg/bell add a doubled consonant.
net,4,End of year,Apr–Jun,4,decodable,CVC-short-e,conventional-K,yes,start-here,3,RF.K.2.d; RF.K.3.a; RF.K.3.b; L.K.2.d,Kindergarten CVC / short-vowel sequence,Short e is often the last short vowel in K. egg/bell add a doubled consonant.
peg,4,End of year,Apr–Jun,4,decodable,CVC-short-e,conventional-K,yes,good-fit,3,RF.K.2.d; RF.K.3.a; RF.K.3.b; L.K.2.d,Kindergarten CVC / short-vowel sequence,Short e is often the last short vowel in K. egg/bell add a doubled consonant.
pen,4,End of year,Apr–Jun,4,decodable,CVC-short-e,conventional-K,yes,start-here,3,RF.K.2.d; RF.K.3.a; RF.K.3.b; L.K.2.d,Kindergarten CVC / short-vowel sequence,Short e is often the last short vowel in K. egg/bell add a doubled consonant.
pet,4,End of year,Apr–Jun,4,decodable,CVC-short-e,conventional-K,yes,start-here,3,RF.K.2.d; RF.K.3.a; RF.K.3.b; L.K.2.d,Kindergarten CVC / short-vowel sequence,Short e is often the last short vowel in K. egg/bell add a doubled consonant.
set,4,End of year,Apr–Jun,4,decodable,CVC-short-e,conventional-K,yes,good-fit,3,RF.K.2.d; RF.K.3.a; RF.K.3.b; L.K.2.d,Kindergarten CVC / short-vowel sequence,Short e is often the last short vowel in K. egg/bell add a doubled consonant.
ten,4,End of year,Apr–Jun,4,decodable,CVC-short-e,conventional-K,yes,start-here,3,RF.K.2.d; RF.K.3.a; RF.K.3.b; L.K.2.d,Kindergarten CVC / short-vowel sequence,Short e is often the last short vowel in K. egg/bell add a doubled consonant.
vet,4,End of year,Apr–Jun,4,decodable,CVC-short-e,conventional-K,yes,start-here,3,RF.K.2.d; RF.K.3.a; RF.K.3.b; L.K.2.d,Kindergarten CVC / short-vowel sequence,Short e is often the last short vowel in K. egg/bell add a doubled consonant.
web,4,End of year,Apr–Jun,4,decodable,CVC-short-e,conventional-K,yes,start-here,3,RF.K.2.d; RF.K.3.a; RF.K.3.b; L.K.2.d,Kindergarten CVC / short-vowel sequence,Short e is often the last short vowel in K. egg/bell add a doubled consonant.
wed,4,End of year,Apr–Jun,4,decodable,CVC-short-e,conventional-K,yes,later,3,RF.K.2.d; RF.K.3.a; RF.K.3.b; L.K.2.d,Kindergarten CVC / short-vowel sequence,Short e is often the last short vowel in K. egg/bell add a doubled consonant.
wet,4,End of year,Apr–Jun,4,decodable,CVC-short-e,conventional-K,yes,start-here,3,RF.K.2.d; RF.K.3.a; RF.K.3.b; L.K.2.d,Kindergarten CVC / short-vowel sequence,Short e is often the last short vowel in K. egg/bell add a doubled consonant.
yet,4,End of year,Apr–Jun,4,decodable,CVC-short-e,conventional-K,no,later,3,RF.K.2.d; RF.K.3.a; RF.K.3.b; L.K.2.d,Kindergarten CVC / short-vowel sequence,Short e is often the last short vowel in K. egg/bell add a doubled consonant.
ball,4,End of year,Apr–Jun,4,vocabulary,CVCC,conventional-K,yes,start-here,4,L.K.5; L.K.6; RF.K.4,Dolch nouns / common K picture vocabulary (not an official CDE list),Good MoviEdu picture words. Only band 4 items are fair conventional-spelling targets in kindergarten.
blue,4,End of year,Apr–Jun,2,high-frequency,HFW-pre-primer,conventional-K,yes,good-fit,4,RF.K.3.c,Dolch Pre-primer (40); widely used in CA K for RF.K.3.c,"California requires these to be *read* by sight, not necessarily spelled conventionally. Invented/phonetic spelling is the official K writing standard (L.K.2.d)."
pink,4,End of year,Apr–Jun,4,vocabulary,color,conventional-K,yes,good-fit,4,L.K.5.c; L.K.6,common K vocabulary,Useful picture words; not an official CDE list.
chin,4,End of year,Apr–Jun,4,decodable,digraph-ch,conventional-K,yes,good-fit,4,L.K.2.d; RF.K.3,Common K–1 phonics (digraphs and blends),Many CA K programs introduce sh/th/ch and a few blends in spring; full mastery is grade 1.
chip,4,End of year,Apr–Jun,4,decodable,digraph-ch,conventional-K,yes,good-fit,4,L.K.2.d; RF.K.3,Common K–1 phonics (digraphs and blends),Many CA K programs introduce sh/th/ch and a few blends in spring; full mastery is grade 1.
chop,4,End of year,Apr–Jun,4,decodable,digraph-ch,conventional-K,yes,good-fit,4,L.K.2.d; RF.K.3,Common K–1 phonics (digraphs and blends),Many CA K programs introduce sh/th/ch and a few blends in spring; full mastery is grade 1.
cash,4,End of year,Apr–Jun,4,decodable,digraph-sh,conventional-K,yes,later,4,L.K.2.d; RF.K.3,Common K–1 phonics (digraphs and blends),Many CA K programs introduce sh/th/ch and a few blends in spring; full mastery is grade 1.
fish,4,End of year,Apr–Jun,4,decodable,digraph-sh,conventional-K,yes,start-here,4,L.K.2.d; RF.K.3,Common K–1 phonics (digraphs and blends),Many CA K programs introduce sh/th/ch and a few blends in spring; full mastery is grade 1.
ship,4,End of year,Apr–Jun,4,decodable,digraph-sh,conventional-K,yes,good-fit,4,L.K.2.d; RF.K.3,Common K–1 phonics (digraphs and blends),Many CA K programs introduce sh/th/ch and a few blends in spring; full mastery is grade 1.
shop,4,End of year,Apr–Jun,4,decodable,digraph-sh,conventional-K,yes,good-fit,4,L.K.2.d; RF.K.3,Common K–1 phonics (digraphs and blends),Many CA K programs introduce sh/th/ch and a few blends in spring; full mastery is grade 1.
shut,4,End of year,Apr–Jun,4,decodable,digraph-sh,conventional-K,yes,later,4,L.K.2.d; RF.K.3,Common K–1 phonics (digraphs and blends),Many CA K programs introduce sh/th/ch and a few blends in spring; full mastery is grade 1.
wish,4,End of year,Apr–Jun,4,decodable,digraph-sh,conventional-K,yes,good-fit,4,L.K.2.d; RF.K.3,Common K–1 phonics (digraphs and blends),Many CA K programs introduce sh/th/ch and a few blends in spring; full mastery is grade 1.
bath,4,End of year,Apr–Jun,4,decodable,digraph-th,conventional-K,yes,good-fit,4,L.K.2.d; RF.K.3,Common K–1 phonics (digraphs and blends),Many CA K programs introduce sh/th/ch and a few blends in spring; full mastery is grade 1.
math,4,End of year,Apr–Jun,4,decodable,digraph-th,conventional-K,yes,good-fit,4,L.K.2.d; RF.K.3,Common K–1 phonics (digraphs and blends),Many CA K programs introduce sh/th/ch and a few blends in spring; full mastery is grade 1.
path,4,End of year,Apr–Jun,4,decodable,digraph-th,conventional-K,yes,good-fit,4,L.K.2.d; RF.K.3,Common K–1 phonics (digraphs and blends),Many CA K programs introduce sh/th/ch and a few blends in spring; full mastery is grade 1.
that,4,End of year,Apr–Jun,4,both,digraph-th,conventional-K,no,later,4,L.K.2.d; RF.K.3; RF.K.3.c,Common K–1 phonics (digraphs and blends); Dolch Primer (52); typical CA end-of-K reading list together with Pre-primer,Many CA K programs introduce sh/th/ch and a few blends in spring; full mastery is grade 1. End-of-kindergarten reading target in many CA districts is Pre-primer + Primer (~92 words). Spelling these irregular words conventionally is not a CA K requirement.
then,4,End of year,Apr–Jun,4,decodable,digraph-th,conventional-K,no,later,4,L.K.2.d; RF.K.3,Common K–1 phonics (digraphs and blends),Many CA K programs introduce sh/th/ch and a few blends in spring; full mastery is grade 1.
this,4,End of year,Apr–Jun,4,both,digraph-th,conventional-K,no,later,4,L.K.2.d; RF.K.3; RF.K.3.c,Common K–1 phonics (digraphs and blends); Dolch Primer (52); typical CA end-of-K reading list together with Pre-primer,Many CA K programs introduce sh/th/ch and a few blends in spring; full mastery is grade 1. End-of-kindergarten reading target in many CA districts is Pre-primer + Primer (~92 words). Spelling these irregular words conventionally is not a CA K requirement.
with,4,End of year,Apr–Jun,4,both,digraph-th,conventional-K,no,later,4,L.K.2.d; RF.K.3; RF.K.3.c,Common K–1 phonics (digraphs and blends); Dolch Primer (52); typical CA end-of-K reading list together with Pre-primer,Many CA K programs introduce sh/th/ch and a few blends in spring; full mastery is grade 1. End-of-kindergarten reading target in many CA districts is Pre-primer + Primer (~92 words). Spelling these irregular words conventionally is not a CA K requirement.
fast,4,End of year,Apr–Jun,4,decodable,ending-blend,conventional-K,yes,good-fit,4,L.K.2.d; RF.K.3,Common K–1 phonics (digraphs and blends),Many CA K programs introduce sh/th/ch and a few blends in spring; full mastery is grade 1.
hand,4,End of year,Apr–Jun,4,decodable,ending-blend,conventional-K,yes,good-fit,4,L.K.2.d; RF.K.3,Common K–1 phonics (digraphs and blends),Many CA K programs introduce sh/th/ch and a few blends in spring; full mastery is grade 1.
help,4,End of year,Apr–Jun,3,both,ending-blend,conventional-K,yes,good-fit,4,L.K.2.d; RF.K.3; RF.K.3.c,Common K–1 phonics (digraphs and blends); Dolch Pre-primer (40); widely used in CA K for RF.K.3.c,"Many CA K programs introduce sh/th/ch and a few blends in spring; full mastery is grade 1. California requires these to be *read* by sight, not necessarily spelled conventionally. Invented/phonetic spelling is the official K writing standard (L.K.2.d)."
jump,4,End of year,Apr–Jun,2,both,ending-blend,conventional-K,yes,start-here,4,L.K.2.d; RF.K.3; RF.K.3.c,Common K–1 phonics (digraphs and blends); Dolch Pre-primer (40); widely used in CA K for RF.K.3.c,"Many CA K programs introduce sh/th/ch and a few blends in spring; full mastery is grade 1. California requires these to be *read* by sight, not necessarily spelled conventionally. Invented/phonetic spelling is the official K writing standard (L.K.2.d)."
lamp,4,End of year,Apr–Jun,4,decodable,ending-blend,conventional-K,yes,good-fit,4,L.K.2.d; RF.K.3,Common K–1 phonics (digraphs and blends),Many CA K programs introduce sh/th/ch and a few blends in spring; full mastery is grade 1.
land,4,End of year,Apr–Jun,4,decodable,ending-blend,conventional-K,yes,good-fit,4,L.K.2.d; RF.K.3,Common K–1 phonics (digraphs and blends),Many CA K programs introduce sh/th/ch and a few blends in spring; full mastery is grade 1.
milk,4,End of year,Apr–Jun,4,decodable,ending-blend,conventional-K,yes,start-here,4,L.K.2.d; RF.K.3; L.K.5; L.K.6; RF.K.4,Common K–1 phonics (digraphs and blends); Dolch nouns / common K picture vocabulary (not an official CDE list),Many CA K programs introduce sh/th/ch and a few blends in spring; full mastery is grade 1. Good MoviEdu picture words. Only band 4 items are fair conventional-spelling targets in kindergarten.
nest,4,End of year,Apr–Jun,4,decodable,ending-blend,conventional-K,yes,start-here,4,L.K.2.d; RF.K.3,Common K–1 phonics (digraphs and blends),Many CA K programs introduce sh/th/ch and a few blends in spring; full mastery is grade 1.
sand,4,End of year,Apr–Jun,4,decodable,ending-blend,conventional-K,yes,start-here,4,L.K.2.d; RF.K.3,Common K–1 phonics (digraphs and blends),Many CA K programs introduce sh/th/ch and a few blends in spring; full mastery is grade 1.
tent,4,End of year,Apr–Jun,4,decodable,ending-blend,conventional-K,yes,good-fit,4,L.K.2.d; RF.K.3,Common K–1 phonics (digraphs and blends),Many CA K programs introduce sh/th/ch and a few blends in spring; full mastery is grade 1.
snap,4,End of year,Apr–Jun,4,decodable,s-blend,conventional-K,yes,good-fit,4,L.K.2.d; RF.K.3,Common K–1 phonics (digraphs and blends),Many CA K programs introduce sh/th/ch and a few blends in spring; full mastery is grade 1.
spot,4,End of year,Apr–Jun,4,decodable,s-blend,conventional-K,yes,good-fit,4,L.K.2.d; RF.K.3,Common K–1 phonics (digraphs and blends),Many CA K programs introduce sh/th/ch and a few blends in spring; full mastery is grade 1.
step,4,End of year,Apr–Jun,4,decodable,s-blend,conventional-K,yes,good-fit,4,L.K.2.d; RF.K.3,Common K–1 phonics (digraphs and blends),Many CA K programs introduce sh/th/ch and a few blends in spring; full mastery is grade 1.
stop,4,End of year,Apr–Jun,4,decodable,s-blend,conventional-K,yes,good-fit,4,L.K.2.d; RF.K.3,Common K–1 phonics (digraphs and blends),Many CA K programs introduce sh/th/ch and a few blends in spring; full mastery is grade 1.
bell,4,End of year,Apr–Jun,4,decodable,short-e-plus,conventional-K,yes,later,4,RF.K.2.d; RF.K.3.a; RF.K.3.b; L.K.2.d,Kindergarten CVC / short-vowel sequence,Short e is often the last short vowel in K. egg/bell add a doubled consonant.
egg,4,End of year,Apr–Jun,4,decodable,short-e-plus,conventional-K,yes,start-here,3,RF.K.2.d; RF.K.3.a; RF.K.3.b; L.K.2.d,Kindergarten CVC / short-vowel sequence,Short e is often the last short vowel in K. egg/bell add a doubled consonant.
hill,4,End of year,Apr–Jun,4,vocabulary,short-i-ll,conventional-K,yes,good-fit,4,L.K.5; L.K.6; RF.K.4,Dolch nouns / common K picture vocabulary (not an official CDE list),Good MoviEdu picture words. Only band 4 items are fair conventional-spelling targets in kindergarten.
doll,4,End of year,Apr–Jun,4,vocabulary,short-o-ll,conventional-K,yes,good-fit,4,L.K.5; L.K.6; RF.K.4,Dolch nouns / common K picture vocabulary (not an official CDE list),Good MoviEdu picture words. Only band 4 items are fair conventional-spelling targets in kindergarten.
ring,stretch,Approaching grade 1,optional / summer,stretch,vocabulary,-ing,stretch,yes,later,4,L.K.5; L.K.6; RF.K.4,Dolch nouns / common K picture vocabulary (not an official CDE list),Good MoviEdu picture words. Only band 4 items are fair conventional-spelling targets in kindergarten.
song,stretch,Approaching grade 1,optional / summer,stretch,vocabulary,-ng,stretch,yes,later,4,L.K.5; L.K.6; RF.K.4,Dolch nouns / common K picture vocabulary (not an official CDE list),Good MoviEdu picture words. Only band 4 items are fair conventional-spelling targets in kindergarten.
ate,stretch,Approaching grade 1,optional / summer,4,both,CVCe,stretch,yes,later,3,RF.K.3.b (know long vs short vowel sounds; complex long-vowel spellings are grade 1); RF.K.3.c,Silent-e / CVCe (grade 1 phonics; K stretch); Dolch Primer (52); typical CA end-of-K reading list together with Pre-primer,California RF.K.3.b: children should know long vs short vowel sounds; the silent-e spelling pattern is a grade 1 target. End-of-kindergarten reading target in many CA districts is Pre-primer + Primer (~92 words). Spelling these irregular words conventionally is not a CA K requirement.
bike,stretch,Approaching grade 1,optional / summer,stretch,decodable,CVCe,stretch,yes,later,4,RF.K.3.b (know long vs short vowel sounds; complex long-vowel spellings are grade 1),Silent-e / CVCe (grade 1 phonics; K stretch),California RF.K.3.b: children should know long vs short vowel sounds; the silent-e spelling pattern is a grade 1 target.
cake,stretch,Approaching grade 1,optional / summer,stretch,decodable,CVCe,stretch,yes,later,4,RF.K.3.b (know long vs short vowel sounds; complex long-vowel spellings are grade 1),Silent-e / CVCe (grade 1 phonics; K stretch),California RF.K.3.b: children should know long vs short vowel sounds; the silent-e spelling pattern is a grade 1 target.
came,stretch,Approaching grade 1,optional / summer,4,both,CVCe,stretch,no,skip-for-now,4,RF.K.3.b (know long vs short vowel sounds; complex long-vowel spellings are grade 1); RF.K.3.c,Silent-e / CVCe (grade 1 phonics; K stretch); Dolch Primer (52); typical CA end-of-K reading list together with Pre-primer,California RF.K.3.b: children should know long vs short vowel sounds; the silent-e spelling pattern is a grade 1 target. End-of-kindergarten reading target in many CA districts is Pre-primer + Primer (~92 words). Spelling these irregular words conventionally is not a CA K requirement.
cube,stretch,Approaching grade 1,optional / summer,stretch,decodable,CVCe,stretch,yes,later,4,RF.K.3.b (know long vs short vowel sounds; complex long-vowel spellings are grade 1),Silent-e / CVCe (grade 1 phonics; K stretch),California RF.K.3.b: children should know long vs short vowel sounds; the silent-e spelling pattern is a grade 1 target.
cute,stretch,Approaching grade 1,optional / summer,stretch,decodable,CVCe,stretch,yes,later,4,RF.K.3.b (know long vs short vowel sounds; complex long-vowel spellings are grade 1),Silent-e / CVCe (grade 1 phonics; K stretch),California RF.K.3.b: children should know long vs short vowel sounds; the silent-e spelling pattern is a grade 1 target.
fire,stretch,Approaching grade 1,optional / summer,stretch,vocabulary,CVCe,stretch,yes,later,4,L.K.5; L.K.6; RF.K.4,Dolch nouns / common K picture vocabulary (not an official CDE list),Good MoviEdu picture words. Only band 4 items are fair conventional-spelling targets in kindergarten.
five,stretch,Approaching grade 1,optional / summer,stretch,decodable,CVCe,stretch,yes,later,4,RF.K.3.b (know long vs short vowel sounds; complex long-vowel spellings are grade 1); L.K.5.c; L.K.6,Silent-e / CVCe (grade 1 phonics; K stretch); common K math/ELA overlap,California RF.K.3.b: children should know long vs short vowel sounds; the silent-e spelling pattern is a grade 1 target. Useful picture words; not an official CDE list.
game,stretch,Approaching grade 1,optional / summer,stretch,decodable,CVCe,stretch,yes,later,4,RF.K.3.b (know long vs short vowel sounds; complex long-vowel spellings are grade 1),Silent-e / CVCe (grade 1 phonics; K stretch),California RF.K.3.b: children should know long vs short vowel sounds; the silent-e spelling pattern is a grade 1 target.
home,stretch,Approaching grade 1,optional / summer,stretch,decodable,CVCe,stretch,yes,later,4,RF.K.3.b (know long vs short vowel sounds; complex long-vowel spellings are grade 1),Silent-e / CVCe (grade 1 phonics; K stretch),California RF.K.3.b: children should know long vs short vowel sounds; the silent-e spelling pattern is a grade 1 target.
hope,stretch,Approaching grade 1,optional / summer,stretch,decodable,CVCe,stretch,yes,later,4,RF.K.3.b (know long vs short vowel sounds; complex long-vowel spellings are grade 1),Silent-e / CVCe (grade 1 phonics; K stretch),California RF.K.3.b: children should know long vs short vowel sounds; the silent-e spelling pattern is a grade 1 target.
kite,stretch,Approaching grade 1,optional / summer,stretch,decodable,CVCe,stretch,yes,later,4,RF.K.3.b (know long vs short vowel sounds; complex long-vowel spellings are grade 1),Silent-e / CVCe (grade 1 phonics; K stretch),California RF.K.3.b: children should know long vs short vowel sounds; the silent-e spelling pattern is a grade 1 target.
like,stretch,Approaching grade 1,optional / summer,3,both,CVCe,stretch,yes,later,4,RF.K.3.b (know long vs short vowel sounds; complex long-vowel spellings are grade 1); RF.K.3.c,Silent-e / CVCe (grade 1 phonics; K stretch); Dolch Primer (52); typical CA end-of-K reading list together with Pre-primer,California RF.K.3.b: children should know long vs short vowel sounds; the silent-e spelling pattern is a grade 1 target. End-of-kindergarten reading target in many CA districts is Pre-primer + Primer (~92 words). Spelling these irregular words conventionally is not a CA K requirement.
make,stretch,Approaching grade 1,optional / summer,3,both,CVCe,stretch,yes,later,4,RF.K.3.b (know long vs short vowel sounds; complex long-vowel spellings are grade 1); RF.K.3.c,Silent-e / CVCe (grade 1 phonics; K stretch); Dolch Pre-primer (40); widely used in CA K for RF.K.3.c,"California RF.K.3.b: children should know long vs short vowel sounds; the silent-e spelling pattern is a grade 1 target. California requires these to be *read* by sight, not necessarily spelled conventionally. Invented/phonetic spelling is the official K writing standard (L.K.2.d)."
mule,stretch,Approaching grade 1,optional / summer,stretch,decodable,CVCe,stretch,yes,later,4,RF.K.3.b (know long vs short vowel sounds; complex long-vowel spellings are grade 1),Silent-e / CVCe (grade 1 phonics; K stretch),California RF.K.3.b: children should know long vs short vowel sounds; the silent-e spelling pattern is a grade 1 target.
name,stretch,Approaching grade 1,optional / summer,stretch,decodable,CVCe,stretch,yes,later,4,RF.K.3.b (know long vs short vowel sounds; complex long-vowel spellings are grade 1),Silent-e / CVCe (grade 1 phonics; K stretch),California RF.K.3.b: children should know long vs short vowel sounds; the silent-e spelling pattern is a grade 1 target.
nine,stretch,Approaching grade 1,optional / summer,stretch,decodable,CVCe,stretch,yes,later,4,RF.K.3.b (know long vs short vowel sounds; complex long-vowel spellings are grade 1); L.K.5.c; L.K.6,Silent-e / CVCe (grade 1 phonics; K stretch); common K math/ELA overlap,California RF.K.3.b: children should know long vs short vowel sounds; the silent-e spelling pattern is a grade 1 target. Useful picture words; not an official CDE list.
nose,stretch,Approaching grade 1,optional / summer,stretch,decodable,CVCe,stretch,yes,later,4,RF.K.3.b (know long vs short vowel sounds; complex long-vowel spellings are grade 1),Silent-e / CVCe (grade 1 phonics; K stretch),California RF.K.3.b: children should know long vs short vowel sounds; the silent-e spelling pattern is a grade 1 target.
rope,stretch,Approaching grade 1,optional / summer,stretch,decodable,CVCe,stretch,yes,later,4,RF.K.3.b (know long vs short vowel sounds; complex long-vowel spellings are grade 1),Silent-e / CVCe (grade 1 phonics; K stretch),California RF.K.3.b: children should know long vs short vowel sounds; the silent-e spelling pattern is a grade 1 target.
take,stretch,Approaching grade 1,optional / summer,stretch,decodable,CVCe,stretch,yes,later,4,RF.K.3.b (know long vs short vowel sounds; complex long-vowel spellings are grade 1),Silent-e / CVCe (grade 1 phonics; K stretch),California RF.K.3.b: children should know long vs short vowel sounds; the silent-e spelling pattern is a grade 1 target.
tube,stretch,Approaching grade 1,optional / summer,stretch,decodable,CVCe,stretch,yes,later,4,RF.K.3.b (know long vs short vowel sounds; complex long-vowel spellings are grade 1),Silent-e / CVCe (grade 1 phonics; K stretch),California RF.K.3.b: children should know long vs short vowel sounds; the silent-e spelling pattern is a grade 1 target.
does,stretch,Approaching grade 1,optional / summer,4,high-frequency,HFW-CA-example,sight-read-first,no,skip-for-now,4,RF.K.3.c (CA example words),"CA CCSS RF.K.3.c example set (the, of, to, you, she, my, is, are, do, does)",Listed as a K sight-reading example in RF.K.3.c.
of,stretch,Approaching grade 1,optional / summer,4,high-frequency,HFW-CA-example,sight-read-first,no,skip-for-now,2,RF.K.3.c (CA example words),"CA CCSS RF.K.3.c example set (the, of, to, you, she, my, is, are, do, does)",Listed as a K sight-reading example in RF.K.3.c; Dolch places it on the grade 1 list.
away,stretch,Approaching grade 1,optional / summer,3,high-frequency,HFW-pre-primer,sight-read-first,no,skip-for-now,4,RF.K.3.c,Dolch Pre-primer (40); widely used in CA K for RF.K.3.c,"California requires these to be *read* by sight, not necessarily spelled conventionally. Invented/phonetic spelling is the official K writing standard (L.K.2.d)."
come,stretch,Approaching grade 1,optional / summer,2,high-frequency,HFW-pre-primer,sight-read-first,no,skip-for-now,4,RF.K.3.c,Dolch Pre-primer (40); widely used in CA K for RF.K.3.c,"California requires these to be *read* by sight, not necessarily spelled conventionally. Invented/phonetic spelling is the official K writing standard (L.K.2.d)."
down,stretch,Approaching grade 1,optional / summer,2,high-frequency,HFW-pre-primer,sight-read-first,yes,skip-for-now,4,RF.K.3.c,Dolch Pre-primer (40); widely used in CA K for RF.K.3.c,"California requires these to be *read* by sight, not necessarily spelled conventionally. Invented/phonetic spelling is the official K writing standard (L.K.2.d)."
find,stretch,Approaching grade 1,optional / summer,3,high-frequency,HFW-pre-primer,sight-read-first,no,skip-for-now,4,RF.K.3.c,Dolch Pre-primer (40); widely used in CA K for RF.K.3.c,"California requires these to be *read* by sight, not necessarily spelled conventionally. Invented/phonetic spelling is the official K writing standard (L.K.2.d)."
for,stretch,Approaching grade 1,optional / summer,2,high-frequency,HFW-pre-primer,sight-read-first,no,skip-for-now,3,RF.K.3.c,Dolch Pre-primer (40); widely used in CA K for RF.K.3.c,"California requires these to be *read* by sight, not necessarily spelled conventionally. Invented/phonetic spelling is the official K writing standard (L.K.2.d)."
funny,stretch,Approaching grade 1,optional / summer,3,high-frequency,HFW-pre-primer,sight-read-first,no,skip-for-now,5,RF.K.3.c,Dolch Pre-primer (40); widely used in CA K for RF.K.3.c,"California requires these to be *read* by sight, not necessarily spelled conventionally. Invented/phonetic spelling is the official K writing standard (L.K.2.d)."
here,stretch,Approaching grade 1,optional / summer,2,high-frequency,HFW-pre-primer,sight-read-first,no,skip-for-now,4,RF.K.3.c,Dolch Pre-primer (40); widely used in CA K for RF.K.3.c,"California requires these to be *read* by sight, not necessarily spelled conventionally. Invented/phonetic spelling is the official K writing standard (L.K.2.d)."
little,stretch,Approaching grade 1,optional / summer,3,high-frequency,HFW-pre-primer,sight-read-first,yes,skip-for-now,6,RF.K.3.c,Dolch Pre-primer (40); widely used in CA K for RF.K.3.c,"California requires these to be *read* by sight, not necessarily spelled conventionally. Invented/phonetic spelling is the official K writing standard (L.K.2.d)."
look,stretch,Approaching grade 1,optional / summer,2,high-frequency,HFW-pre-primer,sight-read-first,yes,skip-for-now,4,RF.K.3.c,Dolch Pre-primer (40); widely used in CA K for RF.K.3.c,"California requires these to be *read* by sight, not necessarily spelled conventionally. Invented/phonetic spelling is the official K writing standard (L.K.2.d)."
one,stretch,Approaching grade 1,optional / summer,2,high-frequency,HFW-pre-primer,sight-read-first,yes,skip-for-now,3,RF.K.3.c,Dolch Pre-primer (40); widely used in CA K for RF.K.3.c,"California requires these to be *read* by sight, not necessarily spelled conventionally. Invented/phonetic spelling is the official K writing standard (L.K.2.d)."
play,stretch,Approaching grade 1,optional / summer,2,high-frequency,HFW-pre-primer,sight-read-first,yes,skip-for-now,4,RF.K.3.c,Dolch Pre-primer (40); widely used in CA K for RF.K.3.c,"California requires these to be *read* by sight, not necessarily spelled conventionally. Invented/phonetic spelling is the official K writing standard (L.K.2.d)."
said,stretch,Approaching grade 1,optional / summer,3,high-frequency,HFW-pre-primer,sight-read-first,no,skip-for-now,4,RF.K.3.c,Dolch Pre-primer (40); widely used in CA K for RF.K.3.c,"California requires these to be *read* by sight, not necessarily spelled conventionally. Invented/phonetic spelling is the official K writing standard (L.K.2.d)."
the,stretch,Approaching grade 1,optional / summer,1,high-frequency,HFW-pre-primer,sight-read-first,no,skip-for-now,3,RF.K.3.c,Dolch Pre-primer (40); widely used in CA K for RF.K.3.c,"California requires these to be *read* by sight, not necessarily spelled conventionally. Invented/phonetic spelling is the official K writing standard (L.K.2.d)."
three,stretch,Approaching grade 1,optional / summer,3,high-frequency,HFW-pre-primer,sight-read-first,yes,skip-for-now,5,RF.K.3.c,Dolch Pre-primer (40); widely used in CA K for RF.K.3.c,"California requires these to be *read* by sight, not necessarily spelled conventionally. Invented/phonetic spelling is the official K writing standard (L.K.2.d)."
to,stretch,Approaching grade 1,optional / summer,1,high-frequency,HFW-pre-primer,sight-read-first,no,skip-for-now,2,RF.K.3.c,Dolch Pre-primer (40); widely used in CA K for RF.K.3.c,"California requires these to be *read* by sight, not necessarily spelled conventionally. Invented/phonetic spelling is the official K writing standard (L.K.2.d)."
two,stretch,Approaching grade 1,optional / summer,2,high-frequency,HFW-pre-primer,sight-read-first,yes,skip-for-now,3,RF.K.3.c,Dolch Pre-primer (40); widely used in CA K for RF.K.3.c,"California requires these to be *read* by sight, not necessarily spelled conventionally. Invented/phonetic spelling is the official K writing standard (L.K.2.d)."
where,stretch,Approaching grade 1,optional / summer,3,high-frequency,HFW-pre-primer,sight-read-first,no,skip-for-now,5,RF.K.3.c,Dolch Pre-primer (40); widely used in CA K for RF.K.3.c,"California requires these to be *read* by sight, not necessarily spelled conventionally. Invented/phonetic spelling is the official K writing standard (L.K.2.d)."
yellow,stretch,Approaching grade 1,optional / summer,3,high-frequency,HFW-pre-primer,sight-read-first,yes,skip-for-now,6,RF.K.3.c,Dolch Pre-primer (40); widely used in CA K for RF.K.3.c,"California requires these to be *read* by sight, not necessarily spelled conventionally. Invented/phonetic spelling is the official K writing standard (L.K.2.d)."
you,stretch,Approaching grade 1,optional / summer,2,high-frequency,HFW-pre-primer,sight-read-first,no,skip-for-now,3,RF.K.3.c; RF.K.3.c (CA example words),"Dolch Pre-primer (40); widely used in CA K for RF.K.3.c; CA CCSS RF.K.3.c example set (the, of, to, you, she, my, is, are, do, does)","California requires these to be *read* by sight, not necessarily spelled conventionally. Invented/phonetic spelling is the official K writing standard (L.K.2.d). CA RF.K.3.c example."
all,stretch,Approaching grade 1,optional / summer,4,high-frequency,HFW-primer,sight-read-first,no,skip-for-now,3,RF.K.3.c,Dolch Primer (52); typical CA end-of-K reading list together with Pre-primer,End-of-kindergarten reading target in many CA districts is Pre-primer + Primer (~92 words). Spelling these irregular words conventionally is not a CA K requirement.
are,stretch,Approaching grade 1,optional / summer,3,high-frequency,HFW-primer,sight-read-first,no,skip-for-now,3,RF.K.3.c; RF.K.3.c (CA example words),"Dolch Primer (52); typical CA end-of-K reading list together with Pre-primer; CA CCSS RF.K.3.c example set (the, of, to, you, she, my, is, are, do, does)",End-of-kindergarten reading target in many CA districts is Pre-primer + Primer (~92 words). Spelling these irregular words conventionally is not a CA K requirement. CA RF.K.3.c example.
be,stretch,Approaching grade 1,optional / summer,4,high-frequency,HFW-primer,sight-read-first,no,skip-for-now,2,RF.K.3.c,Dolch Primer (52); typical CA end-of-K reading list together with Pre-primer,End-of-kindergarten reading target in many CA districts is Pre-primer + Primer (~92 words). Spelling these irregular words conventionally is not a CA K requirement.
brown,stretch,Approaching grade 1,optional / summer,3,high-frequency,HFW-primer,sight-read-first,yes,skip-for-now,5,RF.K.3.c,Dolch Primer (52); typical CA end-of-K reading list together with Pre-primer,End-of-kindergarten reading target in many CA districts is Pre-primer + Primer (~92 words). Spelling these irregular words conventionally is not a CA K requirement.
do,stretch,Approaching grade 1,optional / summer,3,high-frequency,HFW-primer,sight-read-first,no,skip-for-now,2,RF.K.3.c; RF.K.3.c (CA example words),"Dolch Primer (52); typical CA end-of-K reading list together with Pre-primer; CA CCSS RF.K.3.c example set (the, of, to, you, she, my, is, are, do, does)",End-of-kindergarten reading target in many CA districts is Pre-primer + Primer (~92 words). Spelling these irregular words conventionally is not a CA K requirement. CA RF.K.3.c example.
eat,stretch,Approaching grade 1,optional / summer,4,high-frequency,HFW-primer,sight-read-first,yes,skip-for-now,3,RF.K.3.c,Dolch Primer (52); typical CA end-of-K reading list together with Pre-primer,End-of-kindergarten reading target in many CA districts is Pre-primer + Primer (~92 words). Spelling these irregular words conventionally is not a CA K requirement.
four,stretch,Approaching grade 1,optional / summer,4,high-frequency,HFW-primer,sight-read-first,yes,skip-for-now,4,RF.K.3.c,Dolch Primer (52); typical CA end-of-K reading list together with Pre-primer,End-of-kindergarten reading target in many CA districts is Pre-primer + Primer (~92 words). Spelling these irregular words conventionally is not a CA K requirement.
good,stretch,Approaching grade 1,optional / summer,4,high-frequency,HFW-primer,sight-read-first,no,skip-for-now,4,RF.K.3.c,Dolch Primer (52); typical CA end-of-K reading list together with Pre-primer,End-of-kindergarten reading target in many CA districts is Pre-primer + Primer (~92 words). Spelling these irregular words conventionally is not a CA K requirement.
have,stretch,Approaching grade 1,optional / summer,4,high-frequency,HFW-primer,sight-read-first,no,skip-for-now,4,RF.K.3.c,Dolch Primer (52); typical CA end-of-K reading list together with Pre-primer,End-of-kindergarten reading target in many CA districts is Pre-primer + Primer (~92 words). Spelling these irregular words conventionally is not a CA K requirement.
into,stretch,Approaching grade 1,optional / summer,4,high-frequency,HFW-primer,sight-read-first,no,skip-for-now,4,RF.K.3.c,Dolch Primer (52); typical CA end-of-K reading list together with Pre-primer,End-of-kindergarten reading target in many CA districts is Pre-primer + Primer (~92 words). Spelling these irregular words conventionally is not a CA K requirement.
must,stretch,Approaching grade 1,optional / summer,4,high-frequency,HFW-primer,sight-read-first,no,skip-for-now,4,RF.K.3.c,Dolch Primer (52); typical CA end-of-K reading list together with Pre-primer,End-of-kindergarten reading target in many CA districts is Pre-primer + Primer (~92 words). Spelling these irregular words conventionally is not a CA K requirement.
new,stretch,Approaching grade 1,optional / summer,4,high-frequency,HFW-primer,sight-read-first,no,skip-for-now,3,RF.K.3.c,Dolch Primer (52); typical CA end-of-K reading list together with Pre-primer,End-of-kindergarten reading target in many CA districts is Pre-primer + Primer (~92 words). Spelling these irregular words conventionally is not a CA K requirement.
now,stretch,Approaching grade 1,optional / summer,4,high-frequency,HFW-primer,sight-read-first,no,skip-for-now,3,RF.K.3.c,Dolch Primer (52); typical CA end-of-K reading list together with Pre-primer,End-of-kindergarten reading target in many CA districts is Pre-primer + Primer (~92 words). Spelling these irregular words conventionally is not a CA K requirement.
our,stretch,Approaching grade 1,optional / summer,4,high-frequency,HFW-primer,sight-read-first,no,skip-for-now,3,RF.K.3.c,Dolch Primer (52); typical CA end-of-K reading list together with Pre-primer,End-of-kindergarten reading target in many CA districts is Pre-primer + Primer (~92 words). Spelling these irregular words conventionally is not a CA K requirement.
out,stretch,Approaching grade 1,optional / summer,4,high-frequency,HFW-primer,sight-read-first,yes,skip-for-now,3,RF.K.3.c,Dolch Primer (52); typical CA end-of-K reading list together with Pre-primer,End-of-kindergarten reading target in many CA districts is Pre-primer + Primer (~92 words). Spelling these irregular words conventionally is not a CA K requirement.
please,stretch,Approaching grade 1,optional / summer,4,high-frequency,HFW-primer,sight-read-first,no,skip-for-now,6,RF.K.3.c,Dolch Primer (52); typical CA end-of-K reading list together with Pre-primer,End-of-kindergarten reading target in many CA districts is Pre-primer + Primer (~92 words). Spelling these irregular words conventionally is not a CA K requirement.
pretty,stretch,Approaching grade 1,optional / summer,4,high-frequency,HFW-primer,sight-read-first,no,skip-for-now,6,RF.K.3.c,Dolch Primer (52); typical CA end-of-K reading list together with Pre-primer,End-of-kindergarten reading target in many CA districts is Pre-primer + Primer (~92 words). Spelling these irregular words conventionally is not a CA K requirement.
ride,stretch,Approaching grade 1,optional / summer,4,high-frequency,HFW-primer,sight-read-first,yes,skip-for-now,4,RF.K.3.c,Dolch Primer (52); typical CA end-of-K reading list together with Pre-primer,End-of-kindergarten reading target in many CA districts is Pre-primer + Primer (~92 words). Spelling these irregular words conventionally is not a CA K requirement.
saw,stretch,Approaching grade 1,optional / summer,4,high-frequency,HFW-primer,sight-read-first,no,skip-for-now,3,RF.K.3.c,Dolch Primer (52); typical CA end-of-K reading list together with Pre-primer,End-of-kindergarten reading target in many CA districts is Pre-primer + Primer (~92 words). Spelling these irregular words conventionally is not a CA K requirement.
say,stretch,Approaching grade 1,optional / summer,4,high-frequency,HFW-primer,sight-read-first,no,skip-for-now,3,RF.K.3.c,Dolch Primer (52); typical CA end-of-K reading list together with Pre-primer,End-of-kindergarten reading target in many CA districts is Pre-primer + Primer (~92 words). Spelling these irregular words conventionally is not a CA K requirement.
so,stretch,Approaching grade 1,optional / summer,4,high-frequency,HFW-primer,sight-read-first,no,skip-for-now,2,RF.K.3.c,Dolch Primer (52); typical CA end-of-K reading list together with Pre-primer,End-of-kindergarten reading target in many CA districts is Pre-primer + Primer (~92 words). Spelling these irregular words conventionally is not a CA K requirement.
soon,stretch,Approaching grade 1,optional / summer,4,high-frequency,HFW-primer,sight-read-first,no,skip-for-now,4,RF.K.3.c,Dolch Primer (52); typical CA end-of-K reading list together with Pre-primer,End-of-kindergarten reading target in many CA districts is Pre-primer + Primer (~92 words). Spelling these irregular words conventionally is not a CA K requirement.
there,stretch,Approaching grade 1,optional / summer,4,high-frequency,HFW-primer,sight-read-first,no,skip-for-now,5,RF.K.3.c,Dolch Primer (52); typical CA end-of-K reading list together with Pre-primer,End-of-kindergarten reading target in many CA districts is Pre-primer + Primer (~92 words). Spelling these irregular words conventionally is not a CA K requirement.
they,stretch,Approaching grade 1,optional / summer,4,high-frequency,HFW-primer,sight-read-first,no,skip-for-now,4,RF.K.3.c,Dolch Primer (52); typical CA end-of-K reading list together with Pre-primer,End-of-kindergarten reading target in many CA districts is Pre-primer + Primer (~92 words). Spelling these irregular words conventionally is not a CA K requirement.
too,stretch,Approaching grade 1,optional / summer,4,high-frequency,HFW-primer,sight-read-first,no,skip-for-now,3,RF.K.3.c,Dolch Primer (52); typical CA end-of-K reading list together with Pre-primer,End-of-kindergarten reading target in many CA districts is Pre-primer + Primer (~92 words). Spelling these irregular words conventionally is not a CA K requirement.
under,stretch,Approaching grade 1,optional / summer,4,high-frequency,HFW-primer,sight-read-first,yes,skip-for-now,5,RF.K.3.c,Dolch Primer (52); typical CA end-of-K reading list together with Pre-primer,End-of-kindergarten reading target in many CA districts is Pre-primer + Primer (~92 words). Spelling these irregular words conventionally is not a CA K requirement.
want,stretch,Approaching grade 1,optional / summer,4,high-frequency,HFW-primer,sight-read-first,no,skip-for-now,4,RF.K.3.c,Dolch Primer (52); typical CA end-of-K reading list together with Pre-primer,End-of-kindergarten reading target in many CA districts is Pre-primer + Primer (~92 words). Spelling these irregular words conventionally is not a CA K requirement.
was,stretch,Approaching grade 1,optional / summer,4,high-frequency,HFW-primer,sight-read-first,no,skip-for-now,3,RF.K.3.c,Dolch Primer (52); typical CA end-of-K reading list together with Pre-primer,End-of-kindergarten reading target in many CA districts is Pre-primer + Primer (~92 words). Spelling these irregular words conventionally is not a CA K requirement.
well,stretch,Approaching grade 1,optional / summer,4,high-frequency,HFW-primer,sight-read-first,no,skip-for-now,4,RF.K.3.c,Dolch Primer (52); typical CA end-of-K reading list together with Pre-primer,End-of-kindergarten reading target in many CA districts is Pre-primer + Primer (~92 words). Spelling these irregular words conventionally is not a CA K requirement.
went,stretch,Approaching grade 1,optional / summer,4,high-frequency,HFW-primer,sight-read-first,no,skip-for-now,4,RF.K.3.c,Dolch Primer (52); typical CA end-of-K reading list together with Pre-primer,End-of-kindergarten reading target in many CA districts is Pre-primer + Primer (~92 words). Spelling these irregular words conventionally is not a CA K requirement.
what,stretch,Approaching grade 1,optional / summer,4,high-frequency,HFW-primer,sight-read-first,no,skip-for-now,4,RF.K.3.c,Dolch Primer (52); typical CA end-of-K reading list together with Pre-primer,End-of-kindergarten reading target in many CA districts is Pre-primer + Primer (~92 words). Spelling these irregular words conventionally is not a CA K requirement.
white,stretch,Approaching grade 1,optional / summer,3,high-frequency,HFW-primer,sight-read-first,yes,skip-for-now,5,RF.K.3.c,Dolch Primer (52); typical CA end-of-K reading list together with Pre-primer,End-of-kindergarten reading target in many CA districts is Pre-primer + Primer (~92 words). Spelling these irregular words conventionally is not a CA K requirement.
who,stretch,Approaching grade 1,optional / summer,4,high-frequency,HFW-primer,sight-read-first,no,skip-for-now,3,RF.K.3.c,Dolch Primer (52); typical CA end-of-K reading list together with Pre-primer,End-of-kindergarten reading target in many CA districts is Pre-primer + Primer (~92 words). Spelling these irregular words conventionally is not a CA K requirement.
will,stretch,Approaching grade 1,optional / summer,4,high-frequency,HFW-primer,sight-read-first,no,skip-for-now,4,RF.K.3.c,Dolch Primer (52); typical CA end-of-K reading list together with Pre-primer,End-of-kindergarten reading target in many CA districts is Pre-primer + Primer (~92 words). Spelling these irregular words conventionally is not a CA K requirement.
green,stretch,Approaching grade 1,optional / summer,stretch,vocabulary,color,stretch,yes,later,5,L.K.5.c; L.K.6,common K vocabulary,Useful picture words; not an official CDE list.
orange,stretch,Approaching grade 1,optional / summer,stretch,vocabulary,color,stretch,yes,later,6,L.K.5.c; L.K.6,common K vocabulary,Useful picture words; not an official CDE list.
purple,stretch,Approaching grade 1,optional / summer,stretch,vocabulary,color,stretch,yes,later,6,L.K.5.c; L.K.6,common K vocabulary,Useful picture words; not an official CDE list.
much,stretch,Approaching grade 1,optional / summer,stretch,decodable,digraph-ch,stretch,no,later,4,L.1.2.d / grade 1 phonics (stretch for K),Common K–1 phonics (digraphs and blends),Many CA K programs introduce sh/th/ch and a few blends in spring; full mastery is grade 1.
them,stretch,Approaching grade 1,optional / summer,stretch,decodable,digraph-th,stretch,no,later,4,L.1.2.d / grade 1 phonics (stretch for K),Common K–1 phonics (digraphs and blends),Many CA K programs introduce sh/th/ch and a few blends in spring; full mastery is grade 1.
best,stretch,Approaching grade 1,optional / summer,stretch,decodable,ending-blend,stretch,no,later,4,L.1.2.d / grade 1 phonics (stretch for K),Common K–1 phonics (digraphs and blends),Many CA K programs introduce sh/th/ch and a few blends in spring; full mastery is grade 1.
end,stretch,Approaching grade 1,optional / summer,stretch,decodable,ending-blend,stretch,no,later,3,L.1.2.d / grade 1 phonics (stretch for K),Common K–1 phonics (digraphs and blends),Many CA K programs introduce sh/th/ch and a few blends in spring; full mastery is grade 1.
gift,stretch,Approaching grade 1,optional / summer,stretch,decodable,ending-blend,stretch,yes,later,4,L.1.2.d / grade 1 phonics (stretch for K),Common K–1 phonics (digraphs and blends),Many CA K programs introduce sh/th/ch and a few blends in spring; full mastery is grade 1.
last,stretch,Approaching grade 1,optional / summer,stretch,decodable,ending-blend,stretch,no,later,4,L.1.2.d / grade 1 phonics (stretch for K),Common K–1 phonics (digraphs and blends),Many CA K programs introduce sh/th/ch and a few blends in spring; full mastery is grade 1.
wind,stretch,Approaching grade 1,optional / summer,stretch,decodable,ending-blend,stretch,yes,later,4,L.1.2.d / grade 1 phonics (stretch for K),Common K–1 phonics (digraphs and blends),Many CA K programs introduce sh/th/ch and a few blends in spring; full mastery is grade 1.
eye,stretch,Approaching grade 1,optional / summer,stretch,vocabulary,irregular,sight-read-first,yes,skip-for-now,3,L.K.5; L.K.6; RF.K.4,Dolch nouns / common K picture vocabulary (not an official CDE list),Good MoviEdu picture words. Only band 4 items are fair conventional-spelling targets in kindergarten.
shoe,stretch,Approaching grade 1,optional / summer,stretch,vocabulary,irregular,sight-read-first,yes,skip-for-now,4,L.K.5; L.K.6; RF.K.4,Dolch nouns / common K picture vocabulary (not an official CDE list),Good MoviEdu picture words. Only band 4 items are fair conventional-spelling targets in kindergarten.
eight,stretch,Approaching grade 1,optional / summer,stretch,vocabulary,number,stretch,yes,later,5,L.K.5.c; L.K.6,common K math/ELA overlap,Useful picture words; not an official CDE list.
seven,stretch,Approaching grade 1,optional / summer,stretch,vocabulary,number,stretch,yes,later,5,L.K.5.c; L.K.6,common K math/ELA overlap,Useful picture words; not an official CDE list.
zero,stretch,Approaching grade 1,optional / summer,stretch,vocabulary,number,stretch,yes,later,4,L.K.5.c; L.K.6,common K math/ELA overlap,Useful picture words; not an official CDE list.
boy,stretch,Approaching grade 1,optional / summer,stretch,vocabulary,other,stretch,yes,later,3,L.K.5; L.K.6; RF.K.4,Dolch nouns / common K picture vocabulary (not an official CDE list),Good MoviEdu picture words. Only band 4 items are fair conventional-spelling targets in kindergarten.
door,stretch,Approaching grade 1,optional / summer,stretch,vocabulary,other,sight-read-first,yes,later,4,L.K.5; L.K.6; RF.K.4,Dolch nouns / common K picture vocabulary (not an official CDE list),Good MoviEdu picture words. Only band 4 items are fair conventional-spelling targets in kindergarten.
horse,stretch,Approaching grade 1,optional / summer,stretch,vocabulary,other,stretch,yes,later,5,L.K.5; L.K.6; RF.K.4,Dolch nouns / common K picture vocabulary (not an official CDE list),Good MoviEdu picture words. Only band 4 items are fair conventional-spelling targets in kindergarten.
house,stretch,Approaching grade 1,optional / summer,stretch,vocabulary,other,stretch,yes,later,5,L.K.5; L.K.6; RF.K.4,Dolch nouns / common K picture vocabulary (not an official CDE list),Good MoviEdu picture words. Only band 4 items are fair conventional-spelling targets in kindergarten.
school,stretch,Approaching grade 1,optional / summer,stretch,vocabulary,other,sight-read-first,yes,skip-for-now,6,L.K.5; L.K.6; RF.K.4,Dolch nouns / common K picture vocabulary (not an official CDE list),Good MoviEdu picture words. Only band 4 items are fair conventional-spelling targets in kindergarten.
bear,stretch,Approaching grade 1,optional / summer,stretch,vocabulary,r-controlled,stretch,yes,later,4,L.K.5; L.K.6; RF.K.4,Dolch nouns / common K picture vocabulary (not an official CDE list),Good MoviEdu picture words. Only band 4 items are fair conventional-spelling targets in kindergarten.
bird,stretch,Approaching grade 1,optional / summer,stretch,vocabulary,r-controlled,stretch,yes,later,4,L.K.5; L.K.6; RF.K.4,Dolch nouns / common K picture vocabulary (not an official CDE list),Good MoviEdu picture words. Only band 4 items are fair conventional-spelling targets in kindergarten.
car,stretch,Approaching grade 1,optional / summer,stretch,vocabulary,r-controlled,stretch,yes,later,3,L.K.5; L.K.6; RF.K.4,Dolch nouns / common K picture vocabulary (not an official CDE list),Good MoviEdu picture words. Only band 4 items are fair conventional-spelling targets in kindergarten.
farm,stretch,Approaching grade 1,optional / summer,stretch,vocabulary,r-controlled,stretch,yes,later,4,L.K.5; L.K.6; RF.K.4,Dolch nouns / common K picture vocabulary (not an official CDE list),Good MoviEdu picture words. Only band 4 items are fair conventional-spelling targets in kindergarten.
girl,stretch,Approaching grade 1,optional / summer,stretch,vocabulary,r-controlled,stretch,yes,later,4,L.K.5; L.K.6; RF.K.4,Dolch nouns / common K picture vocabulary (not an official CDE list),Good MoviEdu picture words. Only band 4 items are fair conventional-spelling targets in kindergarten.
star,stretch,Approaching grade 1,optional / summer,stretch,vocabulary,r-controlled,stretch,yes,later,4,L.K.5; L.K.6; RF.K.4,Dolch nouns / common K picture vocabulary (not an official CDE list),Good MoviEdu picture words. Only band 4 items are fair conventional-spelling targets in kindergarten.
skip,stretch,Approaching grade 1,optional / summer,stretch,decodable,s-blend,stretch,yes,later,4,L.1.2.d / grade 1 phonics (stretch for K),Common K–1 phonics (digraphs and blends),Many CA K programs introduce sh/th/ch and a few blends in spring; full mastery is grade 1.
spin,stretch,Approaching grade 1,optional / summer,stretch,decodable,s-blend,stretch,yes,later,4,L.1.2.d / grade 1 phonics (stretch for K),Common K–1 phonics (digraphs and blends),Many CA K programs introduce sh/th/ch and a few blends in spring; full mastery is grade 1.
swim,stretch,Approaching grade 1,optional / summer,stretch,decodable,s-blend,stretch,yes,good-fit,4,L.1.2.d / grade 1 phonics (stretch for K),Common K–1 phonics (digraphs and blends),Many CA K programs introduce sh/th/ch and a few blends in spring; full mastery is grade 1.
apple,stretch,Approaching grade 1,optional / summer,stretch,vocabulary,two-syllable,stretch,yes,later,5,L.K.5; L.K.6; RF.K.4,Dolch nouns / common K picture vocabulary (not an official CDE list),Good MoviEdu picture words. Only band 4 items are fair conventional-spelling targets in kindergarten.
baby,stretch,Approaching grade 1,optional / summer,stretch,vocabulary,two-syllable,stretch,yes,later,4,L.K.5; L.K.6; RF.K.4,Dolch nouns / common K picture vocabulary (not an official CDE list),Good MoviEdu picture words. Only band 4 items are fair conventional-spelling targets in kindergarten.
water,stretch,Approaching grade 1,optional / summer,stretch,vocabulary,two-syllable,stretch,yes,skip-for-now,5,L.K.5; L.K.6; RF.K.4,Dolch nouns / common K picture vocabulary (not an official CDE list),Good MoviEdu picture words. Only band 4 items are fair conventional-spelling targets in kindergarten.
boat,stretch,Approaching grade 1,optional / summer,stretch,vocabulary,vowel-team,stretch,yes,later,4,L.K.5; L.K.6; RF.K.4,Dolch nouns / common K picture vocabulary (not an official CDE list),Good MoviEdu picture words. Only band 4 items are fair conventional-spelling targets in kindergarten.
cow,stretch,Approaching grade 1,optional / summer,stretch,vocabulary,vowel-team,stretch,yes,later,3,L.K.5; L.K.6; RF.K.4,Dolch nouns / common K picture vocabulary (not an official CDE list),Good MoviEdu picture words. Only band 4 items are fair conventional-spelling targets in kindergarten.
day,stretch,Approaching grade 1,optional / summer,stretch,vocabulary,vowel-team,stretch,yes,later,3,L.K.5; L.K.6; RF.K.4,Dolch nouns / common K picture vocabulary (not an official CDE list),Good MoviEdu picture words. Only band 4 items are fair conventional-spelling targets in kindergarten.
feet,stretch,Approaching grade 1,optional / summer,stretch,vocabulary,vowel-team,stretch,yes,later,4,L.K.5; L.K.6; RF.K.4,Dolch nouns / common K picture vocabulary (not an official CDE list),Good MoviEdu picture words. Only band 4 items are fair conventional-spelling targets in kindergarten.
moon,stretch,Approaching grade 1,optional / summer,stretch,vocabulary,vowel-team,stretch,yes,later,4,L.K.5; L.K.6; RF.K.4,Dolch nouns / common K picture vocabulary (not an official CDE list),Good MoviEdu picture words. Only band 4 items are fair conventional-spelling targets in kindergarten.
rain,stretch,Approaching grade 1,optional / summer,stretch,vocabulary,vowel-team,stretch,yes,later,4,L.K.5; L.K.6; RF.K.4,Dolch nouns / common K picture vocabulary (not an official CDE list),Good MoviEdu picture words. Only band 4 items are fair conventional-spelling targets in kindergarten.
snow,stretch,Approaching grade 1,optional / summer,stretch,vocabulary,vowel-team,stretch,yes,later,4,L.K.5; L.K.6; RF.K.4,Dolch nouns / common K picture vocabulary (not an official CDE list),Good MoviEdu picture words. Only band 4 items are fair conventional-spelling targets in kindergarten.
tree,stretch,Approaching grade 1,optional / summer,stretch,vocabulary,vowel-team,stretch,yes,later,4,L.K.5; L.K.6; RF.K.4,Dolch nouns / common K picture vocabulary (not an official CDE list),Good MoviEdu picture words. Only band 4 items are fair conventional-spelling targets in kindergarten.
